Workbook

Sheet Compare w prev (colored)
A3: Purpose | B3: Distance | D3: TSC | F3: TSC | H3: TSC | J3: TSC | L3: TSF | N3: TSF | P3: TSF | R3: Foundation | U3: Foundation | X3: Foundation | AA3: Foundation | AC3: TSF | AE3: TSF | AG3: TSF | AI3: TSF | AK3: Foundation | AN3: TSF | AP3: TSC | AR3: TSC
A4: Model | B4: DTW_D | D4: ROCKET | F4: HC2 | H4: Hydra | J4: MR+Hydra | L4: DLinear | N4: LightTS | P4: MTS-Mixer | R4: TimesNet | U4: ModernTCN | X4: TSLANet | AA4: TimeMixer++ | AC4: FEDformer | AE4: ETSformer | AG4: Crossformer | AI4: PatchTST | AK4: GPT4TS | AN4: iTransformer | AP4: InterpGN | AR4: TSCMamba
A5: Reference | B5: TimesNet | C5: ours | D5: TimesNet TSLANet TSCMamba | E5: ours | F5: original | G5: ours | H5: BORF | I5: ours | J5: BORF | K5: ours | L5: TimesNet TSLANet TSCMamba | M5: ours | N5: TimesNet | O5: ours | P5: ModernTCN | Q5: ours | R5: original | S5: TSLANet TSCMamba | T5: ours | U5: original | V5: revisited | W5: ours | X5: original | Y5: TSCMamba | Z5: ours | AA5: original | AB5: ours | AC5: TimesNet | AD5: ours | AE5: TimesNet | AF5: ours | AG5: ModernTCN TSLANet TSCMamba | AH5: ours | AI5: ModernTCN TSLANet TSCMamba | AJ5: ours | AK5: original | AL5: TSLANet TSCMamba | AM5: ours | AN5: TimeMixer++ | AO5: ours | AP5: original | AQ5: ours | AR5: original | AS5: ours
A6: EC | B6: 32.281369 | C6: 32.319392 | D6: 45.209125 | E6: 44.486692 | F6: 79.087452 | G6: 52.851711 | H6: 54.790875 | I6: 54.372624 | J6: 58.897338 | K6: 60.076046 | L6: 33.460076 | M6: 31.178707 | N6: 29.695817 | O6: 32.319392 | P6: 33.802281 | Q6: 30.798479 | R6: 35.703422 | S6: 27.718631 | T6: 33.460076 | U6: 36.311787 | V6: 31.901141 | W6: 32.319392 | X6: 30.418251 | Z6: 31.939163 | AA6: 39.885932 | AB6: 34.60076 | AC6: 31.21673 | AD6: 33.840304 | AE6: 28.098859 | AF6: 33.079848 | AG6: 37.984791 | AH6: 43.346008 | AI6: 32.813688 | AJ6: 32.69962 | AK6: 34.18251 | AL6: 25.475285 | AM6: 32.319392 | AN6: 28.098859 | AO6: 31.939163 | AP6: 30.418251 | AQ6: 28.897338 | AR6: 62.015209 | AS6: 30.798479
A7: FD | B7: 52.900114 | C7: 52.866061 | D7: 64.699205 | E7: 61.606129 | F7: 71.3479 | G7: 61.379115 | H7: 52.301362 | I7: 60.981839 | J7: 61.901249 | K7: 61.293984 | L7: 67.999432 | M7: 69.494892 | N7: 67.5 | O7: 68.473326 | P7: 70.198638 | Q7: 68.530079 | R7: 68.601022 | S7: 67.468785 | T7: 70.14756 | U7: 70.800227 | V7: 68.700341 | W7: 66.99773 | X7: 66.770715 | Z7: 66.969353 | AA7: 71.799092 | AB7: 69.665153 | AC7: 65.998865 | AD7: 69.892168 | AE7: 66.299659 | AF7: 68.331442 | AG7: 68.700341 | AH7: 69.636776 | AI7: 68.961407 | AJ7: 68.07605 | AK7: 69.199773 | AL7: 65.578888 | AM7: 68.61521 | AN7: 66.299659 | AO7: 68.416572 | AP7: 66.401816 | AQ7: 63.791146 | AR7: 69.401249 | AS7: 70.204313
A8: HW | B8: 28.6 | C8: 60.705882 | D8: 58.8 | E8: 59.294118 | F8: 56.341176 | G8: 56 | H8: 46.6 | I8: 56.352941 | J8: 51.4 | K8: 53.529412 | L8: 27 | M8: 23.764706 | N8: 26.105882 | O8: 25.058824 | P8: 26 | Q8: 19.647059 | R8: 32.105882 | S8: 26.176471 | T8: 37.529412 | U8: 30.6 | V8: 28.4 | W8: 30.117647 | X8: 57.882353 | Z8: 62 | AA8: 26.505882 | AB8: 33.647059 | AC8: 28 | AD8: 33.411765 | AE8: 32.505882 | AF8: 35.647059 | AG8: 28.8 | AH8: 30.352941 | AI8: 29.6 | AJ8: 29.529412 | AK8: 32.705882 | AL8: 3.7647059 | AM8: 34.117647 | AN8: 24.2 | AO8: 31.294118 | AP8: 61.882353 | AQ8: 58.705882 | AR8: 53.305882 | AS8: 45.058824
A9: HB | B9: 71.707317 | C9: 71.707317 | D9: 75.609756 | E9: 75.609756 | F9: 72.878049 | G9: 78.536585 | H9: 76.097561 | I9: 76.585366 | J9: 73.219512 | K9: 77.073171 | L9: 75.121951 | M9: 76.585366 | N9: 75.121951 | O9: 77.560976 | P9: 77.121951 | Q9: 79.02439 | R9: 78 | S9: 74.487805 | T9: 83.902439 | U9: 77.219512 | V9: 77.121951 | W9: 78.04878 | X9: 77.560976 | Z9: 79.512195 | AA9: 79.121951 | AB9: 80.487805 | AC9: 73.707317 | AD9: 78.04878 | AE9: 71.219512 | AF9: 78.536585 | AG9: 77.609756 | AH9: 79.02439 | AI9: 76.585366 | AJ9: 73.658537 | AK9: 77.219512 | AL9: 36.585366 | AM9: 79.02439 | AN9: 75.609756 | AO9: 78.04878 | AP9: 79.512195 | AQ9: 80.487805 | AR9: 76.585366 | AS9: 78.536585
A10: JV | B10: 94.891892 | C10: 95.945946 | D10: 96.189189 | E10: 83.783784 | G10: 98.378378 | H10: 97.810811 | I10: 97.837838 | J10: 97.810811 | K10: 98.378378 | L10: 97.837838 | M10: 96.486486 | N10: 96.189189 | O10: 96.756757 | P10: 94.297297 | Q10: 95.945946 | R10: 98.405405 | S10: 97.837838 | T10: 98.648649 | U10: 98.810811 | V10: 98.108108 | W10: 98.648649 | X10: 99.189189 | Z10: 98.918919 | AA10: 97.891892 | AB10: 99.189189 | AC10: 98.405405 | AD10: 97.567568 | AE10: 95.891892 | AF10: 98.378378 | AG10: 99.108108 | AH10: 98.378378 | AI10: 98.648649 | AJ10: 97.027027 | AK10: 98.594595 | AL10: 98.108108 | AM10: 98.108108 | AN10: 96.594595 | AO10: 98.108108 | AP10: 99.189189 | AQ10: 99.72973 | AR10: 97 | AS10: 98.378378
A11: PEMS | B11: 71.098266 | C11: 71.098266 | D11: 75.086705 | E11: 84.393064 | F11: 99.82659 | G11: 97.687861 | H11: 80.289017 | I11: 98.265896 | J11: 77.514451 | K11: 82.65896 | L11: 82.080925 | M11: 82.65896 | N11: 88.381503 | O11: 87.861272 | P11: 80.924855 | Q11: 82.080925 | R11: 89.595376 | S11: 88.150289 | T11: 87.861272 | U11: 89.075145 | V11: 83.179191 | W11: 86.705202 | X11: 83.815029 | Z11: 89.017341 | AA11: 90.982659 | AB11: 89.017341 | AC11: 80.924855 | AD11: 89.017341 | AE11: 86.011561 | AF11: 87.861272 | AG11: 85.895954 | AH11: 89.595376 | AI11: 89.306358 | AJ11: 89.017341 | AK11: 87.919075 | AL11: 87.283237 | AM11: 88.439306 | AN11: 87.919075 | AO11: 91.32948 | AP11: 88.439306 | AQ11: 86.127168 | AR11: 90.17341 | AS11: 90.17341
A12: SRS1 | B12: 77.713311 | C12: 77.474403 | D12: 90.784983 | E12: 85.665529 | F12: 87.883959 | G12: 89.078498 | H12: 86.68942 | I12: 86.68942 | J12: 95.187713 | K12: 94.880546 | L12: 88.395904 | M12: 92.832765 | N12: 89.795222 | O12: 92.832765 | P12: 91.706485 | Q12: 78.83959 | R12: 91.808874 | S12: 77.440273 | T12: 92.150171 | U12: 93.412969 | V12: 92.798635 | W12: 93.515358 | X12: 91.808874 | Z12: 89.761092 | AA12: 93.105802 | AB12: 92.150171 | AC12: 88.703072 | AD12: 75.085324 | AE12: 89.590444 | AF12: 92.150171 | AG12: 92.491468 | AH12: 93.856655 | AI12: 90.716724 | AJ12: 89.078498 | AK12: 93.208191 | AL12: 91.467577 | AM12: 93.174061 | AN12: 90.204778 | AO12: 93.856655 | AP12: 92.491468 | AQ12: 90.443686 | AR12: 92.491468 | AS12: 92.832765
A13: SRS2 | B13: 53.888889 | C13: 53.888889 | D13: 54.444444 | E13: 55.555556 | F13: 50.444444 | G13: 54.444444 | H13: 58.888889 | I13: 58.888889 | J13: 56.722222 | K13: 55 | L13: 51.666667 | M13: 57.222222 | N13: 51.111111 | O13: 59.444444 | P13: 55 | Q13: 58.333333 | R13: 57.222222 | S13: 52.833333 | T13: 60 | U13: 60.277778 | V13: 61.722222 | W13: 60 | X13: 61.666667 | Z13: 63.888889 | AA13: 65.611111 | AB13: 60.555556 | AC13: 54.388889 | AD13: 59.444444 | AE13: 55 | AF13: 60 | AG13: 58.277778 | AH13: 61.666667 | AI13: 57.777778 | AJ13: 61.666667 | AK13: 59.388889 | AL13: 51.666667 | AM13: 60.555556 | AN13: 54.388889 | AO13: 58.888889 | AP13: 57.777778 | AQ13: 58.333333 | AR13: 66.722222 | AS13: 62.222222
A14: SAD | B14: 96.298317 | C14: 97.226012 | D14: 99.199636 | E14: 99.226921 | G14: 99.135971 | H14: 98.8995 | I14: 99.135971 | J14: 99.299682 | K14: 99.04502 | L14: 96.680309 | M14: 96.953161 | N14: 100 | O14: 98.226467 | P14: 97.398818 | Q14: 99.454297 | R14: 98.999545 | S14: 98.358345 | T14: 99.545248 | U14: 98.699409 | V14: 98.099136 | W14: 99.499773 | X14: 99.90905 | Z14: 98.044566 | AA14: 99.799909 | AB14: 99.545248 | AC14: 100 | AD14: 99.454297 | AE14: 100 | AF14: 98.999545 | AG14: 97.899045 | AH14: 98.86312 | AI14: 99.681673 | AJ14: 98.817644 | AK14: 99.199636 | AL14: 99.363347 | AM14: 99.590723 | AN14: 95.998181 | AO14: 99.317872 | AP14: 99.818099 | AQ14: 99.863574 | AR14: 98.999545 | AS14: 95.81628
A15: UW | B15: 90.3125 | C15: 90.3125 | D15: 94.40625 | E15: 94.0625 | F15: 94.875 | G15: 94.0625 | H15: 90.90625 | I15: 94.375 | J15: 94.09375 | K15: 94.0625 | L15: 82.09375 | M15: 82.8125 | N15: 80.3125 | O15: 89.0625 | P15: 82.3125 | Q15: 83.125 | R15: 85.3125 | S15: 83.125 | T15: 88.4375 | U15: 86.6875 | V15: 85.90625 | W15: 88.4375 | X15: 91.25 | Z15: 94.375 | AA15: 88.1875 | AB15: 90.625 | AC15: 85.3125 | AD15: 79.6875 | AE15: 85 | AF15: 89.6875 | AG15: 85.3125 | AH15: 88.4375 | AI15: 85.8125 | AJ15: 89.375 | AK15: 88.09375 | AL15: 84.375 | AM15: 89.0625 | AN15: 85.90625 | AO15: 90 | AP15: 91.875 | AQ15: 88.4375 | AR15: 93.8125 | AS15: 95.3125
A16: AWR | C16: 98.666667 | D16: 99.333333 | E16: 99.333333 | F16: 99.566667 | G16: 99.333333 | H16: 99 | I16: 99.333333 | J16: 99.333333 | K16: 99.333333 | L16: 97.333333 | M16: 97.666667 | O16: 98.333333 | Q16: 99 | S16: 96.166667 | T16: 98.666667 | W16: 98.666667 | X16: 99 | Z16: 99.333333 | AB16: 99 | AD16: 92.333333 | AF16: 98.666667 | AG16: 98 | AH16: 98.666667 | AI16: 97.666667 | AJ16: 98.666667 | AL16: 93.333333 | AM16: 98.666667 | AO16: 99 | AP16: 99.666667 | AQ16: 99 | AR16: 97 | AS16: 99.333333
A17: AF | C17: 20 | D17: 20 | E17: 6.6666667 | F17: 28 | G17: 20 | H17: 13.333333 | I17: 26.666667 | J17: 6.6666667 | K17: 6.6666667 | L17: 46.666667 | M17: 53.333333 | O17: 73.333333 | Q17: 60 | S17: 33.333333 | T17: 66.666667 | W17: 73.333333 | X17: 40 | Z17: 66.666667 | AB17: 66.666667 | AD17: 73.333333 | AF17: 80 | AG17: 46.666667 | AH17: 73.333333 | AI17: 53.333333 | AJ17: 80 | AL17: 33.333333 | AM17: 66.666667 | AO17: 66.666667 | AP17: 33.333333 | AQ17: 46.666667 | AR17: 67.333333 | AS17: 66.666667
A18: BM | C18: 97.5 | D18: 100 | E18: 100 | F18: 99 | G18: 100 | H18: 100 | I18: 100 | J18: 100 | K18: 100 | L18: 85 | M18: 87.5 | O18: 100 | Q18: 100 | S18: 100 | T18: 100 | W18: 100 | X18: 100 | Z18: 100 | AB18: 100 | AD18: 95 | AF18: 100 | AG18: 90 | AH18: 100 | AI18: 92.5 | AJ18: 85 | AL18: 92.5 | AM18: 100 | AO18: 97.5 | AP18: 100 | AQ18: 100 | AR18: 100 | AS18: 100
A19: CT | C19: 98.816156 | D19: 98.753482 | E19: 99.303621 | G19: 99.303621 | H19: 98.600279 | I19: 99.164345 | J19: 99.199164 | K19: 99.373259 | L19: 97.346797 | M19: 98.119777 | O19: 98.955432 | Q19: 97.980501 | S19: 97.980501 | T19: 98.746518 | W19: 99.303621 | Y19: 98.746518 | Z19: 99.164345 | AB19: 99.373259 | AD19: 97.284123 | AF19: 98.467967 | AG19: 98.328691 | AH19: 98.955432 | AI19: 97.346797 | AJ19: 98.398329 | AL19: 98.259053 | AM19: 99.373259 | AO19: 98.885794 | AP19: 99.791086 | AQ19: 99.791086 | AR19: 98.997214 | AS19: 99.512535
A20: CR | C20: 100 | D20: 98.611111 | E20: 100 | F20: 100 | G20: 100 | H20: 98.611111 | I20: 100 | J20: 98.611111 | K20: 98.611111 | L20: 91.666667 | M20: 91.666667 | O20: 93.055556 | Q20: 97.222222 | S20: 87.5 | T20: 97.222222 | W20: 97.222222 | X20: 98.611111 | Z20: 91.666667 | AB20: 98.611111 | AD20: 90.277778 | AF20: 98.611111 | AG20: 84.722222 | AH20: 97.222222 | AI20: 84.722222 | AJ20: 97.222222 | AL20: 8.3333333 | AM20: 97.222222 | AO20: 97.222222 | AP20: 100 | AQ20: 100 | AR20: 98.611111 | AS20: 100
A21: DDG | C21: 58 | D21: 52 | E21: 52 | F21: 49.8 | G21: 70 | H21: 68 | I21: 68 | J21: 64 | K21: 60 | L21: 62 | M21: 66 | O21: 56 | Q21: 68 | S21: 56 | T21: 68 | W21: 66 | Y21: 24 | Z21: 74 | AB21: 74 | AD21: 42 | AF21: 42 | AG21: 44 | AH21: 72 | AI21: 24 | AJ21: 40 | AL21: 50 | AM21: 66 | AO21: 60 | AP21: 68 | AQ21: 76 | AR21: 62 | AS21: 50
A22: EW | C22: 61.832061 | D22: 78.625954 | E22: 91.603053 | F22: 89.465649 | G22: 97.709924 | H22: 98.473282 | I22: 98.473282 | J22: 96.183206 | K22: 98.473282 | L22: 41.221374 | M22: 42.748092 | O22: 54.198473 | Q22: 66.412214 | S22: 58.778626 | T22: 63.358779 | W22: 64.122137 | Y22: 41.221374 | Z22: 81.679389 | AB22: 61.068702 | AD22: 63.358779 | AF22: 70.992366 | AG22: 54.961832 | AH22: 58.015267 | AI22: 54.198473 | AJ22: 57.251908 | AL22: 48.091603 | AM22: 66.412214 | AO22: 59.541985 | AP22: 83.969466 | AQ22: 82.442748 | AR22: 87.022901 | AS22: 88.549618
A23: EP | C23: 96.376812 | D23: 98.550725 | E23: 99.275362 | F23: 99.782609 | G23: 100 | H23: 100 | I23: 100 | J23: 100 | K23: 100 | L23: 60.144928 | M23: 65.217391 | O23: 97.101449 | Q23: 66.666667 | S23: 78.115942 | T23: 96.376812 | W23: 96.376812 | X23: 98.550725 | Z23: 100 | AB23: 94.927536 | AD23: 92.753623 | AF23: 92.753623 | AG23: 73.188406 | AH23: 95.652174 | AI23: 65.942029 | AJ23: 98.550725 | AL23: 85.507246 | AM23: 89.855072 | AO23: 80.434783 | AP23: 99.275362 | AQ23: 97.826087 | AR23: 97.101449 | AS23: 99.275362
A24: ER | C24: 91.481481 | D24: 94.074074 | E24: 98.888889 | F24: 98.518519 | G24: 98.888889 | H24: 98.518519 | I24: 98.888889 | J24: 98.888889 | K24: 99.259259 | L24: 91.481481 | M24: 91.851852 | O24: 94.444444 | Q24: 77.777778 | S24: 94.074074 | T24: 95.555556 | W24: 97.407407 | Y24: 91.481481 | Z24: 85.925926 | AB24: 96.296296 | AD24: 95.925926 | AF24: 96.296296 | AG24: 94.074074 | AH24: 97.407407 | AI24: 92.592593 | AJ24: 96.666667 | AL24: 95.925926 | AM24: 96.296296 | AO24: 94.814815 | AP24: 95.185185 | AQ24: 87.777778 | AR24: 91.518519 | AS24: 97.037037
A25: FM | C25: 53 | D25: 61 | E25: 57 | F25: 55.2 | G25: 61 | H25: 55 | I25: 55 | J25: 56 | K25: 60 | L25: 64 | M25: 62 | O25: 64 | Q25: 63 | S25: 59.4 | T25: 66 | W25: 67 | X25: 61 | Z25: 68 | AB25: 67 | AD25: 72 | AF25: 66 | AG25: 64 | AH25: 64 | AI25: 62 | AJ25: 63 | AL25: 57 | AM25: 66 | AO25: 64 | AP25: 64 | AQ25: 67 | AR25: 69 | AS25: 66
A26: HMD | C26: 18.918919 | D26: 50 | E26: 51.351351 | F26: 39.72973 | G26: 48.648649 | H26: 21.621622 | I26: 51.351351 | J26: 36.486486 | K26: 36.486486 | L26: 58.108108 | M26: 66.216216 | O26: 66.216216 | Q26: 70.27027 | S26: 50 | T26: 72.972973 | W26: 66.216216 | X26: 52.702703 | Z26: 48.648649 | AB26: 72.972973 | AD26: 71.621622 | AF26: 63.513514 | AG26: 58.108108 | AH26: 66.216216 | AI26: 58.108108 | AJ26: 63.513514 | AL26: 18.918919 | AM26: 70.27027 | AO26: 58.108108 | AP26: 48.648649 | AQ26: 45.945946 | AR26: 71.621622 | AS26: 60.810811
A27: IW | C27: 48.692 | D27: 10 | E27: 38.524 | G27: 66.796 | H27: 67.9 | I27: 67.052 | J27: 66.7 | K27: 65.744 | L27: 10 | M27: 18.996 | O27: 71.676 | Q27: 72.424 | S27: 10 | T27: 64.024 | W27: 75.588 | X27: 10 | Z27: 10.012 | AB27: 64.192 | AD27: 65.244 | AF27: 64.868 | AG27: 10 | AH27: 73.712 | AI27: 10 | AJ27: 60.936 | AL27: 10 | AM27: 61.396 | AO27: 73.436 | AP27: 66.752 | AQ27: 67.18 | AR27: 14.3 | AS27: 68.244
A28: LIB | C28: 87.222222 | D28: 83.888889 | E28: 90.555556 | F28: 92.666667 | G28: 94.444444 | H28: 93.277778 | I28: 93.333333 | J28: 92.777778 | K28: 93.333333 | L28: 73.333333 | M28: 70.555556 | O28: 89.444444 | Q28: 34.444444 | S28: 77.833333 | T28: 88.333333 | W28: 90 | X28: 92.777778 | Z28: 95.555556 | AB28: 88.333333 | AD28: 93.333333 | AF28: 90 | AG28: 76.111111 | AH28: 90.555556 | AI28: 81.111111 | AJ28: 81.666667 | AL28: 79.444444 | AM28: 87.777778 | AO28: 91.666667 | AP28: 97.222222 | AQ28: 97.222222 | AR28: 90 | AS28: 91.666667
A29: LSST | C29: 55.109489 | D29: 54.099757 | E29: 64.030819 | F29: 63.694242 | G29: 66.382806 | H29: 60.701541 | I29: 66.504461 | J29: 63.600973 | K29: 64.274128 | L29: 35.770479 | M29: 34.022709 | O29: 41.524736 | Q29: 34.184915 | S29: 59.209246 | T29: 44.120032 | W29: 43.592863 | X29: 66.3382 | Z29: 51.013788 | AB29: 44.444444 | AD29: 40.997567 | AF29: 41.240876 | AG29: 42.818329 | AH29: 41.768045 | AI29: 67.798054 | AJ29: 56.731549 | AL29: 46.390916 | AM29: 38.077859 | AO29: 40.673155 | AP29: 60.665045 | AQ29: 59.570154 | AR29: 60.300081 | AS29: 60.056772
A30: MI | C30: 50 | D30: 53 | E30: 54 | F30: 53.2 | G30: 50 | H30: 50 | I30: 54 | J30: 48 | K30: 51 | L30: 61 | M30: 64 | O30: 68 | Q30: 66 | S30: 51 | T30: 68 | W30: 67 | X30: 62 | Z30: 71 | AB30: 67 | AD30: 65 | AF30: 67 | AG30: 61 | AH30: 68 | AI30: 61 | AJ30: 69 | AL30: 50 | AM30: 67 | AO30: 67 | AP30: 64 | AQ30: 67 | AR30: 62 | AS30: 67
A31: NATO | C31: 88.333333 | D31: 83.333333 | E31: 89.444444 | F31: 89.222222 | G31: 91.111111 | H31: 87.222222 | I31: 90 | J31: 91.722222 | K31: 93.333333 | L31: 93.888889 | M31: 96.111111 | O31: 97.222222 | Q31: 95 | S31: 81.833333 | T31: 98.333333 | W31: 95.555556 | X31: 95.555556 | Z31: 99.444444 | AB31: 96.111111 | AD31: 96.111111 | AF31: 93.333333 | AG31: 88.333333 | AH31: 93.888889 | AI31: 96.666667 | AJ31: 80.555556 | AL31: 91.666667 | AM31: 96.111111 | AO31: 88.888889 | AP31: 98.888889 | AQ31: 98.888889 | AR31: 94.444444 | AS31: 92.222222
A32: PD | C32: 97.712979 | D32: 97.341338 | E32: 98.227559 | F32: 99.55689 | G32: 97.655803 | H32: 96.801029 | I32: 97.855918 | J32: 96.801029 | K32: 97.284162 | L32: 92.938822 | M32: 92.481418 | O32: 96.998285 | Q32: 46.941109 | S32: 98.190395 | T32: 98.913665 | W32: 98.513436 | X32: 98.939394 | Z32: 99.028016 | AB32: 98.5992 | AD32: 98.5992 | AF32: 98.542024 | AG32: 93.650658 | AH32: 98.513436 | AI32: 99.230989 | AJ32: 98.484848 | AL32: 97.741567 | AM32: 98.513436 | AO32: 98.427673 | AP32: 99.142367 | AQ32: 99.342481 | AR32: 98.542024 | AS32: 98.513436
A33: PS | C33: 15.120787 | D33: 17.599165 | E33: 27.825828 | F33: 29.427378 | G33: 33.01521 | H33: 32.400835 | I33: 33.16433 | J33: 35.401133 | K33: 33.641515 | L33: 7.1011035 | M33: 6.6507605 | O33: 16.224277 | Q33: 5.4279749 | S33: 18.240382 | T33: 14.524307 | W33: 13.748882 | X33: 17.751268 | Z33: 4.9209663 | AB33: 15.5085 | AD33: 11.691023 | AF33: 14.315538 | AG33: 7.5514465 | AH33: 14.25589 | AI33: 11.691023 | AJ33: 15.090963 | AL33: 3.0122279 | AM33: 13.122577 | AO33: 11.541903 | AP33: 32.180137 | AQ33: 33.074858 | AR33: 24.658515 | AS33: 23.799582
A34: RS | C34: 80.263158 | D34: 86.184211 | E34: 90.789474 | F34: 93.026316 | G34: 90.131579 | H34: 91.381579 | I34: 91.447368 | J34: 90.789474 | K34: 90.131579 | L34: 78.947368 | M34: 78.947368 | O34: 81.578947 | Q34: 86.842105 | S34: 82.631579 | T34: 89.473684 | W34: 84.210526 | X34: 90.789474 | Z34: 94.078947 | AB34: 91.447368 | AD34: 84.868421 | AF34: 85.526316 | AG34: 81.578947 | AH34: 87.5 | AI34: 84.210526 | AJ34: 85.526316 | AL34: 76.973684 | AM34: 86.842105 | AO34: 81.578947 | AP34: 90.789474 | AQ34: 91.447368 | AR34: 91.447368 | AS34: 90.789474
A35: SWJ | C35: 20 | D35: 46.666667 | E35: 46.666667 | F35: 44 | G35: 40 | H35: 40 | I35: 40 | J35: 60 | K35: 66.666667 | L35: 60 | M35: 53.333333 | O35: 73.333333 | Q35: 66.666667 | S35: 53.333333 | T35: 66.666667 | W35: 80 | X35: 46.666667 | Z35: 73.333333 | AB35: 73.333333 | AD35: 66.666667 | AF35: 66.666667 | AG35: 53.333333 | AH35: 80 | AI35: 60 | AJ35: 86.666667 | AL35: 33.333333 | AM35: 73.333333 | AO35: 73.333333 | AP35: 53.333333 | AQ35: 60 | AR35: 73.333333 | AS35: 73.333333
A36: report <= ours | B36: {=SUM(--(B6:B35<=C6:C35))-COUNTBLANK(B6:B35)} -> 8 | D36: {=SUM(--(D6:D35<=E6:E35))-COUNTBLANK(D6:D35)} -> 23 | F36: {=SUM(--(F6:F35<=G6:G35))-COUNTBLANK(F6:F35)} -> 15 | H36: {=SUM(--(H6:H35<=I6:I35))-COUNTBLANK(H6:H35)} -> 28 | J36: {=SUM(--(J6:J35<=K6:K35))-COUNTBLANK(J6:J35)} -> 21 | L36: {=SUM(--(L6:L35<=M6:M35))-COUNTBLANK(L6:L35)} -> 21 | N36: {=SUM(--(N6:N35<=O6:O35))-COUNTBLANK(N6:N35)} -> 7 | P36: {=SUM(--(P6:P35<=Q6:Q35))-COUNTBLANK(P6:P35)} -> 6 | R36: {=SUM(--(R6:R35<=T6:T35))-COUNTBLANK(R6:R35)} -> 8 | S36: {=SUM(--(S6:S35<=T6:T35))-COUNTBLANK(S6:S35)} -> 27 | U36: {=SUM(--(U6:U35<=W6:W35))-COUNTBLANK(U6:U35)} -> 4 | V36: {=SUM(--(V6:V35<=W6:W35))-COUNTBLANK(V6:V35)} -> 8 | X36: {=SUM(--(X6:X35<=Z6:Z35))-COUNTBLANK(X6:X35)} -> 19 | Y36: {=SUM(--(Y6:Y35<=Z6:Z35))-COUNTBLANK(Y6:Y35)} -> 3 | AA36: {=SUM(--(AA6:AA35<=AB6:AB35))-COUNTBLANK(AA6:AA35)} -> 4 | AC36: {=SUM(--(AC6:AC35<=AD6:AD35))-COUNTBLANK(AC6:AC35)} -> 6 | AE36: {=SUM(--(AE6:AE35<=AF6:AF35))-COUNTBLANK(AE6:AE35)} -> 9 | AG36: {=SUM(--(AG6:AG35<=AH6:AH35))-COUNTBLANK(AG6:AG35)} -> 28 | AI36: {=SUM(--(AI6:AI35<=AJ6:AJ35))-COUNTBLANK(AI6:AI35)} -> 18 | AK36: {=SUM(--(AK6:AK35<=AM6:AM35))-COUNTBLANK(AK6:AK35)} -> 6 | AL36: {=SUM(--(AL6:AL35<=AM6:AM35))-COUNTBLANK(AL6:AL35)} -> 29 | AN36: {=SUM(--(AN6:AN35<=AO6:AO35))-COUNTBLANK(AN6:AN35)} -> 10 | AP36: {=SUM(--(AP6:AP35<=AQ6:AQ35))-COUNTBLANK(AP6:AP35)} -> 18 | AR36: {=SUM(--(AR6:AR35<=AS6:AS35))} -> 17
A37: report >= ours | B37: {=SUM(--(B6:B35>=C6:C35))} -> 6 | D37: {=SUM(--(D6:D35>=E6:E35))} -> 12 | F37: {=SUM(--(F6:F35>=G6:G35))} -> 12 | H37: {=SUM(--(H6:H35>=I6:I35))} -> 10 | J37: {=SUM(--(J6:J35>=K6:K35))} -> 15 | L37: {=SUM(--(L6:L35>=M6:M35))} -> 11 | N37: {=SUM(--(N6:N35>=O6:O35))} -> 3 | P37: {=SUM(--(P6:P35>=Q6:Q35))} -> 4 | R37: {=SUM(--(R6:R35>=T6:T35))} -> 2 | S37: {=SUM(--(S6:S35>=T6:T35))} -> 4 | U37: {=SUM(--(U6:U35>=W6:W35))} -> 6 | V37: {=SUM(--(V6:V35>=W6:W35))} -> 2 | X37: {=SUM(--(X6:X35>=Z6:Z35))} -> 8 | Y37: {=SUM(--(Y6:Y35>=Z6:Z35))} -> 1 | AA37: {=SUM(--(AA6:AA35>=AB6:AB35))} -> 6 | AC37: {=SUM(--(AC6:AC35>=AD6:AD35))} -> 4 | AE37: {=SUM(--(AE6:AE35>=AF6:AF35))} -> 1 | AG37: {=SUM(--(AG6:AG35>=AH6:AH35))} -> 3 | AI37: {=SUM(--(AI6:AI35>=AJ6:AJ35))} -> 12 | AK37: {=SUM(--(AK6:AK35>=AM6:AM35))} -> 4 | AL37: {=SUM(--(AL6:AL35>=AM6:AM35))} -> 2 | AN37: {=SUM(--(AN6:AN35>=AO6:AO35))} -> 0 | AP37: {=SUM(--(AP6:AP35>=AQ6:AQ35))} -> 17 | AR37: {=SUM(--(AR6:AR35>=AS6:AS35))-COUNTBLANK(AS6:AS35)} -> 16
A38: acc. difference | B38: =B74 -> 3.3852694 | D38: =D74 -> 2.0559779 | F38: =F74 -> 0.22388484 | H38: =H74 -> 3.3201416 | J38: =J74 -> 0.74673128 | L38: =L74 -> 1.2373938 | N38: =N74 -> 2.3383544 | P38: =P74 -> -1.2983726 | R38: =R74 -> 1.5928077 | S38: =S74 -> 9.0140008 | U38: =U74 -> -0.76051065 | V38: =V74 -> 0.83530567 | X38: =X74 -> 2.1605734 | Y38: =Y74 -> 21.330072 | AA38: =AA74 -> -0.34084485 | AC38: =AC74 -> 0.87918586 | AE38: =AE74 -> 3.305399 | AG38: =AG74 -> 9.0104483 | AI38: =AI74 -> 5.2617219 | AK38: =AK74 -> 0.32950804 | AL38: =AL74 -> 15.617 | AN38: =AN74 -> 3.5979595 | AP38: =AP74 -> 0.27815927 | AR38: =AR74 -> 0.080194679
B41: =B4 -> DTW_D | D41: =D4 -> ROCKET | F41: =F4 -> HC2 | H41: =H4 -> Hydra | J41: =J4 -> MR+Hydra | L41: =L4 -> DLinear | N41: =N4 -> LightTS | P41: =P4 -> MTS-Mixer | R41: =R4 -> TimesNet | S41: =S4 -> 0 | U41: =U4 -> ModernTCN | V41: =V4 -> 0 | X41: =X4 -> TSLANet | Y41: =Y4 -> 0 | AA41: =AA4 -> TimeMixer++ | AC41: =AC4 -> FEDformer | AE41: =AE4 -> ETSformer | AG41: =AG4 -> Crossformer | AI41: =AI4 -> PatchTST | AK41: =AK4 -> GPT4TS | AL41: =AL4 -> 0 | AN41: =AN4 -> iTransformer | AP41: =AP4 -> InterpGN | AR41: =AR4 -> TSCMamba
B42: =B6-C6 -> -0.038022814 | D42: =D6-E6 -> 0.72243346 | F42: =F6-G6 -> 26.235741 | H42: =H6-I6 -> 0.41825095 | J42: =J6-K6 -> -1.1787072 | L42: =L6-M6 -> 2.2813688 | N42: =N6-O6 -> -2.6235741 | P42: =P6-Q6 -> 3.0038023 | R42: =R6-T6 -> 2.243346 | S42: =S6-T6 -> -5.7414449 | U42: =U6-W6 -> 3.9923954 | V42: =V6-W6 -> -0.41825095 | X42: =X6-Z6 -> -1.5209125 | AA42: =AA6-AB6 -> 5.2851711 | AC42: =AC6-AD6 -> -2.6235741 | AE42: =AE6-AF6 -> -4.9809886 | AG42: =AG6-AH6 -> -5.3612167 | AI42: =AI6-AJ6 -> 0.11406844 | AK42: =AK6-AM6 -> 1.8631179 | AL42: =AL6-AM6 -> -6.8441065 | AN42: =AN6-AO6 -> -3.8403042 | AP42: =AP6-AQ6 -> 1.5209125 | AR42: =AR6-AS6 -> 31.21673
B43: =B7-C7 -> 0.034052213 | D43: =D7-E7 -> 3.093076 | F43: =F7-G7 -> 9.9687855 | H43: =H7-I7 -> -8.6804767 | J43: =J7-K7 -> 0.60726447 | L43: =L7-M7 -> -1.4954597 | N43: =N7-O7 -> -0.97332577 | P43: =P7-Q7 -> 1.6685585 | R43: =R7-T7 -> -1.546538 | S43: =S7-T7 -> -2.6787741 | U43: =U7-W7 -> 3.8024972 | V43: =V7-W7 -> 1.7026107 | X43: =X7-Z7 -> -0.19863791 | AA43: =AA7-AB7 -> 2.1339387 | AC43: =AC7-AD7 -> -3.8933031 | AE43: =AE7-AF7 -> -2.0317821 | AG43: =AG7-AH7 -> -0.93643587 | AI43: =AI7-AJ7 -> 0.88535755 | AK43: =AK7-AM7 -> 0.584563 | AL43: =AL7-AM7 -> -3.0363224 | AN43: =AN7-AO7 -> -2.1169126 | AP43: =AP7-AQ7 -> 2.6106697 | AR43: =AR7-AS7 -> -0.8030647
B44: =B8-C8 -> -32.105882 | D44: =D8-E8 -> -0.49411765 | F44: =F8-G8 -> 0.34117647 | H44: =H8-I8 -> -9.7529412 | J44: =J8-K8 -> -2.1294118 | L44: =L8-M8 -> 3.2352941 | N44: =N8-O8 -> 1.0470588 | P44: =P8-Q8 -> 6.3529412 | R44: =R8-T8 -> -5.4235294 | S44: =S8-T8 -> -11.352941 | U44: =U8-W8 -> 0.48235294 | V44: =V8-W8 -> -1.7176471 | X44: =X8-Z8 -> -4.1176471 | AA44: =AA8-AB8 -> -7.1411765 | AC44: =AC8-AD8 -> -5.4117647 | AE44: =AE8-AF8 -> -3.1411765 | AG44: =AG8-AH8 -> -1.5529412 | AI44: =AI8-AJ8 -> 0.070588235 | AK44: =AK8-AM8 -> -1.4117647 | AL44: =AL8-AM8 -> -30.352941 | AN44: =AN8-AO8 -> -7.0941176 | AP44: =AP8-AQ8 -> 3.1764706 | AR44: =AR8-AS8 -> 8.2470588
B45: =B9-C9 -> 0 | D45: =D9-E9 -> 0 | F45: =F9-G9 -> -5.6585366 | H45: =H9-I9 -> -0.48780488 | J45: =J9-K9 -> -3.8536585 | L45: =L9-M9 -> -1.4634146 | N45: =N9-O9 -> -2.4390244 | P45: =P9-Q9 -> -1.902439 | R45: =R9-T9 -> -5.902439 | S45: =S9-T9 -> -9.4146341 | U45: =U9-W9 -> -0.82926829 | V45: =V9-W9 -> -0.92682927 | X45: =X9-Z9 -> -1.9512195 | AA45: =AA9-AB9 -> -1.3658537 | AC45: =AC9-AD9 -> -4.3414634 | AE45: =AE9-AF9 -> -7.3170732 | AG45: =AG9-AH9 -> -1.4146341 | AI45: =AI9-AJ9 -> 2.9268293 | AK45: =AK9-AM9 -> -1.804878 | AL45: =AL9-AM9 -> -42.439024 | AN45: =AN9-AO9 -> -2.4390244 | AP45: =AP9-AQ9 -> -0.97560976 | AR45: =AR9-AS9 -> -1.9512195
B46: =B10-C10 -> -1.0540541 | D46: =D10-E10 -> 12.405405 | H46: =H10-I10 -> -0.027027027 | J46: =J10-K10 -> -0.56756757 | L46: =L10-M10 -> 1.3513514 | N46: =N10-O10 -> -0.56756757 | P46: =P10-Q10 -> -1.6486486 | R46: =R10-T10 -> -0.24324324 | S46: =S10-T10 -> -0.81081081 | U46: =U10-W10 -> 0.16216216 | V46: =V10-W10 -> -0.54054054 | X46: =X10-Z10 -> 0.27027027 | AA46: =AA10-AB10 -> -1.2972973 | AC46: =AC10-AD10 -> 0.83783784 | AE46: =AE10-AF10 -> -2.4864865 | AG46: =AG10-AH10 -> 0.72972973 | AI46: =AI10-AJ10 -> 1.6216216 | AK46: =AK10-AM10 -> 0.48648649 | AL46: =AL10-AM10 -> 0 | AN46: =AN10-AO10 -> -1.5135135 | AP46: =AP10-AQ10 -> -0.54054054 | AR46: =AR10-AS10 -> -1.3783784
B47: =B11-C11 -> 0 | D47: =D11-E11 -> -9.3063584 | F47: =F11-G11 -> 2.1387283 | H47: =H11-I11 -> -17.976879 | J47: =J11-K11 -> -5.1445087 | L47: =L11-M11 -> -0.57803468 | N47: =N11-O11 -> 0.52023121 | P47: =P11-Q11 -> -1.1560694 | R47: =R11-T11 -> 1.734104 | S47: =S11-T11 -> 0.28901734 | U47: =U11-W11 -> 2.3699422 | V47: =V11-W11 -> -3.5260116 | X47: =X11-Z11 -> -5.2023121 | AA47: =AA11-AB11 -> 1.9653179 | AC47: =AC11-AD11 -> -8.0924855 | AE47: =AE11-AF11 -> -1.849711 | AG47: =AG11-AH11 -> -3.699422 | AI47: =AI11-AJ11 -> 0.28901734 | AK47: =AK11-AM11 -> -0.52023121 | AL47: =AL11-AM11 -> -1.1560694 | AN47: =AN11-AO11 -> -3.4104046 | AP47: =AP11-AQ11 -> 2.3121387 | AR47: =AR11-AS11 -> 0
B48: =B12-C12 -> 0.23890785 | D48: =D12-E12 -> 5.1194539 | F48: =F12-G12 -> -1.1945392 | H48: =H12-I12 -> 0 | J48: =J12-K12 -> 0.30716724 | L48: =L12-M12 -> -4.4368601 | N48: =N12-O12 -> -3.0375427 | P48: =P12-Q12 -> 12.866894 | R48: =R12-T12 -> -0.34129693 | S48: =S12-T12 -> -14.709898 | U48: =U12-W12 -> -0.10238908 | V48: =V12-W12 -> -0.71672355 | X48: =X12-Z12 -> 2.0477816 | AA48: =AA12-AB12 -> 0.9556314 | AC48: =AC12-AD12 -> 13.617747 | AE48: =AE12-AF12 -> -2.559727 | AG48: =AG12-AH12 -> -1.3651877 | AI48: =AI12-AJ12 -> 1.6382253 | AK48: =AK12-AM12 -> 0.034129693 | AL48: =AL12-AM12 -> -1.7064846 | AN48: =AN12-AO12 -> -3.6518771 | AP48: =AP12-AQ12 -> 2.0477816 | AR48: =AR12-AS12 -> -0.34129693
B49: =B13-C13 -> 0 | D49: =D13-E13 -> -1.1111111 | F49: =F13-G13 -> -4 | H49: =H13-I13 -> 0 | J49: =J13-K13 -> 1.7222222 | L49: =L13-M13 -> -5.5555556 | N49: =N13-O13 -> -8.3333333 | P49: =P13-Q13 -> -3.3333333 | R49: =R13-T13 -> -2.7777778 | S49: =S13-T13 -> -7.1666667 | U49: =U13-W13 -> 0.27777778 | V49: =V13-W13 -> 1.7222222 | X49: =X13-Z13 -> -2.2222222 | AA49: =AA13-AB13 -> 5.0555556 | AC49: =AC13-AD13 -> -5.0555556 | AE49: =AE13-AF13 -> -5 | AG49: =AG13-AH13 -> -3.3888889 | AI49: =AI13-AJ13 -> -3.8888889 | AK49: =AK13-AM13 -> -1.1666667 | AL49: =AL13-AM13 -> -8.8888889 | AN49: =AN13-AO13 -> -4.5 | AP49: =AP13-AQ13 -> -0.55555556 | AR49: =AR13-AS13 -> 4.5
B50: =B14-C14 -> -0.92769441 | D50: =D14-E14 -> -0.02728513 | H50: =H14-I14 -> -0.23647112 | J50: =J14-K14 -> 0.25466121 | L50: =L14-M14 -> -0.2728513 | N50: =N14-O14 -> 1.7735334 | P50: =P14-Q14 -> -2.0554798 | R50: =R14-T14 -> -0.54570259 | S50: =S14-T14 -> -1.1869031 | U50: =U14-W14 -> -0.8003638 | V50: =V14-W14 -> -1.4006367 | X50: =X14-Z14 -> 1.8644839 | AA50: =AA14-AB14 -> 0.25466121 | AC50: =AC14-AD14 -> 0.54570259 | AE50: =AE14-AF14 -> 1.0004548 | AG50: =AG14-AH14 -> -0.96407458 | AI50: =AI14-AJ14 -> 0.8640291 | AK50: =AK14-AM14 -> -0.39108686 | AL50: =AL14-AM14 -> -0.22737608 | AN50: =AN14-AO14 -> -3.3196908 | AP50: =AP14-AQ14 -> -0.045475216 | AR50: =AR14-AS14 -> 3.1832651
B51: =B15-C15 -> 0 | D51: =D15-E15 -> 0.34375 | F51: =F15-G15 -> 0.8125 | H51: =H15-I15 -> -3.46875 | J51: =J15-K15 -> 0.03125 | L51: =L15-M15 -> -0.71875 | N51: =N15-O15 -> -8.75 | P51: =P15-Q15 -> -0.8125 | R51: =R15-T15 -> -3.125 | S51: =S15-T15 -> -5.3125 | U51: =U15-W15 -> -1.75 | V51: =V15-W15 -> -2.53125 | X51: =X15-Z15 -> -3.125 | AA51: =AA15-AB15 -> -2.4375 | AC51: =AC15-AD15 -> 5.625 | AE51: =AE15-AF15 -> -4.6875 | AG51: =AG15-AH15 -> -3.125 | AI51: =AI15-AJ15 -> -3.5625 | AK51: =AK15-AM15 -> -0.96875 | AL51: =AL15-AM15 -> -4.6875 | AN51: =AN15-AO15 -> -4.09375 | AP51: =AP15-AQ15 -> 3.4375 | AR51: =AR15-AS15 -> -1.5
D52: =D16-E16 -> 0 | F52: =F16-G16 -> 0.23333333 | H52: =H16-I16 -> -0.33333333 | J52: =J16-K16 -> 0 | L52: =L16-M16 -> -0.33333333 | S52: =S16-T16 -> -2.5 | X52: =X16-Z16 -> -0.33333333 | AG52: =AG16-AH16 -> -0.66666667 | AI52: =AI16-AJ16 -> -1 | AL52: =AL16-AM16 -> -5.3333333 | AP52: =AP16-AQ16 -> 0.66666667 | AR52: =AR16-AS16 -> -2.3333333
D53: =D17-E17 -> 13.333333 | F53: =F17-G17 -> 8 | H53: =H17-I17 -> -13.333333 | J53: =J17-K17 -> 0 | L53: =L17-M17 -> -6.6666667 | S53: =S17-T17 -> -33.333333 | X53: =X17-Z17 -> -26.666667 | AG53: =AG17-AH17 -> -26.666667 | AI53: =AI17-AJ17 -> -26.666667 | AL53: =AL17-AM17 -> -33.333333 | AP53: =AP17-AQ17 -> -13.333333 | AR53: =AR17-AS17 -> 0.66666667
D54: =D18-E18 -> 0 | F54: =F18-G18 -> -1 | H54: =H18-I18 -> 0 | J54: =J18-K18 -> 0 | L54: =L18-M18 -> -2.5 | S54: =S18-T18 -> 0 | X54: =X18-Z18 -> 0 | AG54: =AG18-AH18 -> -10 | AI54: =AI18-AJ18 -> 7.5 | AL54: =AL18-AM18 -> -7.5 | AP54: =AP18-AQ18 -> 0 | AR54: =AR18-AS18 -> 0
D55: =D19-E19 -> -0.55013928 | H55: =H19-I19 -> -0.56406685 | J55: =J19-K19 -> -0.17409471 | L55: =L19-M19 -> -0.7729805 | S55: =S19-T19 -> -0.76601671 | Y55: =Y19-Z19 -> -0.4178273 | AG55: =AG19-AH19 -> -0.62674095 | AI55: =AI19-AJ19 -> -1.051532 | AL55: =AL19-AM19 -> -1.1142061 | AP55: =AP19-AQ19 -> 0 | AR55: =AR19-AS19 -> -0.51532033
D56: =D20-E20 -> -1.3888889 | F56: =F20-G20 -> 0 | H56: =H20-I20 -> -1.3888889 | J56: =J20-K20 -> 0 | L56: =L20-M20 -> 0 | S56: =S20-T20 -> -9.7222222 | X56: =X20-Z20 -> 6.9444444 | AG56: =AG20-AH20 -> -12.5 | AI56: =AI20-AJ20 -> -12.5 | AL56: =AL20-AM20 -> -88.888889 | AP56: =AP20-AQ20 -> 0 | AR56: =AR20-AS20 -> -1.3888889
D57: =D21-E21 -> 0 | F57: =F21-G21 -> -20.2 | H57: =H21-I21 -> 0 | J57: =J21-K21 -> 4 | L57: =L21-M21 -> -4 | S57: =S21-T21 -> -12 | Y57: =Y21-Z21 -> -50 | AG57: =AG21-AH21 -> -28 | AI57: =AI21-AJ21 -> -16 | AL57: =AL21-AM21 -> -16 | AP57: =AP21-AQ21 -> -8 | AR57: =AR21-AS21 -> 12
D58: =D22-E22 -> -12.977099 | F58: =F22-G22 -> -8.2442748 | H58: =H22-I22 -> 0 | J58: =J22-K22 -> -2.2900763 | L58: =L22-M22 -> -1.5267176 | S58: =S22-T22 -> -4.5801527 | Y58: =Y22-Z22 -> -40.458015 | AG58: =AG22-AH22 -> -3.0534351 | AI58: =AI22-AJ22 -> -3.0534351 | AL58: =AL22-AM22 -> -18.320611 | AP58: =AP22-AQ22 -> 1.5267176 | AR58: =AR22-AS22 -> -1.5267176
D59: =D23-E23 -> -0.72463768 | F59: =F23-G23 -> -0.2173913 | H59: =H23-I23 -> 0 | J59: =J23-K23 -> 0 | L59: =L23-M23 -> -5.0724638 | S59: =S23-T23 -> -18.26087 | X59: =X23-Z23 -> -1.4492754 | AG59: =AG23-AH23 -> -22.463768 | AI59: =AI23-AJ23 -> -32.608696 | AL59: =AL23-AM23 -> -4.3478261 | AP59: =AP23-AQ23 -> 1.4492754 | AR59: =AR23-AS23 -> -2.173913
D60: =D24-E24 -> -4.8148148 | F60: =F24-G24 -> -0.37037037 | H60: =H24-I24 -> -0.37037037 | J60: =J24-K24 -> -0.37037037 | L60: =L24-M24 -> -0.37037037 | S60: =S24-T24 -> -1.4814815 | Y60: =Y24-Z24 -> 5.5555556 | AG60: =AG24-AH24 -> -3.3333333 | AI60: =AI24-AJ24 -> -4.0740741 | AL60: =AL24-AM24 -> -0.37037037 | AP60: =AP24-AQ24 -> 7.4074074 | AR60: =AR24-AS24 -> -5.5185185
D61: =D25-E25 -> 4 | F61: =F25-G25 -> -5.8 | H61: =H25-I25 -> 0 | J61: =J25-K25 -> -4 | L61: =L25-M25 -> 2 | S61: =S25-T25 -> -6.6 | X61: =X25-Z25 -> -7 | AG61: =AG25-AH25 -> 0 | AI61: =AI25-AJ25 -> -1 | AL61: =AL25-AM25 -> -9 | AP61: =AP25-AQ25 -> -3 | AR61: =AR25-AS25 -> 3
D62: =D26-E26 -> -1.3513514 | F62: =F26-G26 -> -8.9189189 | H62: =H26-I26 -> -29.72973 | J62: =J26-K26 -> 0 | L62: =L26-M26 -> -8.1081081 | S62: =S26-T26 -> -22.972973 | X62: =X26-Z26 -> 4.0540541 | AG62: =AG26-AH26 -> -8.1081081 | AI62: =AI26-AJ26 -> -5.4054054 | AL62: =AL26-AM26 -> -51.351351 | AP62: =AP26-AQ26 -> 2.7027027 | AR62: =AR26-AS26 -> 10.810811
D63: =D27-E27 -> -28.524 | H63: =H27-I27 -> 0.848 | J63: =J27-K27 -> 0.956 | L63: =L27-M27 -> -8.996 | S63: =S27-T27 -> -54.024 | X63: =X27-Z27 -> -0.012 | AG63: =AG27-AH27 -> -63.712 | AI63: =AI27-AJ27 -> -50.936 | AL63: =AL27-AM27 -> -51.396 | AP63: =AP27-AQ27 -> -0.428 | AR63: =AR27-AS27 -> -53.944
D64: =D28-E28 -> -6.6666667 | F64: =F28-G28 -> -1.7777778 | H64: =H28-I28 -> -0.055555556 | J64: =J28-K28 -> -0.55555556 | L64: =L28-M28 -> 2.7777778 | S64: =S28-T28 -> -10.5 | X64: =X28-Z28 -> -2.7777778 | AG64: =AG28-AH28 -> -14.444444 | AI64: =AI28-AJ28 -> -0.55555556 | AL64: =AL28-AM28 -> -8.3333333 | AP64: =AP28-AQ28 -> 0 | AR64: =AR28-AS28 -> -1.6666667
D65: =D29-E29 -> -9.9310624 | F65: =F29-G29 -> -2.6885645 | H65: =H29-I29 -> -5.8029197 | J65: =J29-K29 -> -0.67315491 | L65: =L29-M29 -> 1.7477697 | S65: =S29-T29 -> 15.089213 | X65: =X29-Z29 -> 15.324412 | AG65: =AG29-AH29 -> 1.0502839 | AI65: =AI29-AJ29 -> 11.066504 | AL65: =AL29-AM29 -> 8.3130576 | AP65: =AP29-AQ29 -> 1.0948905 | AR65: =AR29-AS29 -> 0.243309
D66: =D30-E30 -> -1 | F66: =F30-G30 -> 3.2 | H66: =H30-I30 -> -4 | J66: =J30-K30 -> -3 | L66: =L30-M30 -> -3 | S66: =S30-T30 -> -17 | X66: =X30-Z30 -> -9 | AG66: =AG30-AH30 -> -7 | AI66: =AI30-AJ30 -> -8 | AL66: =AL30-AM30 -> -17 | AP66: =AP30-AQ30 -> -3 | AR66: =AR30-AS30 -> -5
D67: =D31-E31 -> -6.1111111 | F67: =F31-G31 -> -1.8888889 | H67: =H31-I31 -> -2.7777778 | J67: =J31-K31 -> -1.6111111 | L67: =L31-M31 -> -2.2222222 | S67: =S31-T31 -> -16.5 | X67: =X31-Z31 -> -3.8888889 | AG67: =AG31-AH31 -> -5.5555556 | AI67: =AI31-AJ31 -> 16.111111 | AL67: =AL31-AM31 -> -4.4444444 | AP67: =AP31-AQ31 -> 0 | AR67: =AR31-AS31 -> 2.2222222
D68: =D32-E32 -> -0.8862207 | F68: =F32-G32 -> 1.9010863 | H68: =H32-I32 -> -1.0548885 | J68: =J32-K32 -> -0.48313322 | L68: =L32-M32 -> 0.45740423 | S68: =S32-T32 -> -0.72327044 | X68: =X32-Z32 -> -0.08862207 | AG68: =AG32-AH32 -> -4.8627787 | AI68: =AI32-AJ32 -> 0.74614065 | AL68: =AL32-AM32 -> -0.77186964 | AP68: =AP32-AQ32 -> -0.20011435 | AR68: =AR32-AS32 -> 0.028587764
D69: =D33-E33 -> -10.226663 | F69: =F33-G33 -> -3.5878318 | H69: =H33-I33 -> -0.76349538 | J69: =J33-K33 -> 1.7596183 | L69: =L33-M33 -> 0.45034298 | S69: =S33-T33 -> 3.7160752 | X69: =X33-Z33 -> 12.830301 | AG69: =AG33-AH33 -> -6.7044438 | AI69: =AI33-AJ33 -> -3.3999404 | AL69: =AL33-AM33 -> -10.110349 | AP69: =AP33-AQ33 -> -0.89472115 | AR69: =AR33-AS33 -> 0.8589323
D70: =D34-E34 -> -4.6052632 | F70: =F34-G34 -> 2.8947368 | H70: =H34-I34 -> -0.065789474 | J70: =J34-K34 -> 0.65789474 | L70: =L34-M34 -> 0 | S70: =S34-T34 -> -6.8421053 | X70: =X34-Z34 -> -3.2894737 | AG70: =AG34-AH34 -> -5.9210526 | AI70: =AI34-AJ34 -> -1.3157895 | AL70: =AL34-AM34 -> -9.8684211 | AP70: =AP34-AQ34 -> -0.65789474 | AR70: =AR34-AS34 -> 0.65789474
D71: =D35-E35 -> 0 | F71: =F35-G35 -> 4 | H71: =H35-I35 -> 0 | J71: =J35-K35 -> -6.6666667 | L71: =L35-M35 -> 6.6666667 | S71: =S35-T35 -> -13.333333 | X71: =X35-Z35 -> -26.666667 | AG71: =AG35-AH35 -> -26.666667 | AI71: =AI35-AJ35 -> -26.666667 | AL71: =AL35-AM35 -> -40 | AP71: =AP35-AQ35 -> -6.6666667 | AR71: =AR35-AS35 -> 0
B73: =AVERAGE(B42:B71) -> -3.3852694 | D73: =AVERAGE(D42:D71) -> -2.0559779 | F73: =AVERAGE(F42:F71) -> -0.22388484 | H73: =AVERAGE(H42:H71) -> -3.3201416 | J73: =AVERAGE(J42:J71) -> -0.74673128 | L73: =AVERAGE(L42:L71) -> -1.2373938 | N73: =AVERAGE(N42:N71) -> -2.3383544 | P73: =AVERAGE(P42:P71) -> 1.2983726 | R73: =AVERAGE(R42:R71) -> -1.5928077 | S73: =AVERAGE(S42:S71) -> -9.0140008 | U73: =AVERAGE(U42:U71) -> 0.76051065 | V73: =AVERAGE(V42:V71) -> -0.83530567 | X73: =AVERAGE(X42:X71) -> -2.1605734 | Y73: =AVERAGE(Y42:Y71) -> -21.330072 | AA73: =AVERAGE(AA42:AA71) -> 0.34084485 | AC73: =AVERAGE(AC42:AC71) -> -0.87918586 | AE73: =AVERAGE(AE42:AE71) -> -3.305399 | AG73: =AVERAGE(AG42:AG71) -> -9.0104483 | AI73: =AVERAGE(AI42:AI71) -> -5.2617219 | AK73: =AVERAGE(AK42:AK71) -> -0.32950804 | AL73: =AVERAGE(AL42:AL71) -> -15.617 | AN73: =AVERAGE(AN42:AN71) -> -3.5979595 | AP73: =AVERAGE(AP42:AP71) -> -0.27815927 | AR73: =AVERAGE(AR42:AR71) -> -0.080194679
B74: =-B73 -> 3.3852694 | C74: =-C73 -> 0 | D74: =-D73 -> 2.0559779 | E74: =-E73 -> 0 | F74: =-F73 -> 0.22388484 | G74: =-G73 -> 0 | H74: =-H73 -> 3.3201416 | I74: =-I73 -> 0 | ... AR74: =-AR73 -> 0.080194679

Sheet Compare w prev
A3: Purpose | B3: Distance | D3: TSC | F3: TSC | H3: TSC | J3: TSC | L3: TSF | N3: TSF | P3: TSF | R3: Foundation | U3: Foundation | X3: Foundation | AA3: Foundation | AC3: TSF | AE3: TSF | AG3: TSF | AI3: TSF | AK3: Foundation | AN3: TSF | AP3: TSC | AR3: TSC
A4: Model | B4: DTW_D | D4: ROCKET | F4: HC2 | H4: Hydra | J4: MR+Hydra | L4: DLinear | N4: LightTS | P4: MTS-Mixer | R4: TimesNet | U4: ModernTCN | X4: TSLANet | AA4: TimeMixer++ | AC4: FEDformer | AE4: ETSformer | AG4: Crossformer | AI4: PatchTST | AK4: GPT4TS | AN4: iTransformer | AP4: InterpGN | AR4: TSCMamba
A5: Reference | B5: TimesNet | C5: ours | D5: TimesNet TSLANet TSCMamba | E5: ours | F5: original | G5: ours | H5: BORF | I5: ours | J5: BORF | K5: ours | L5: TimesNet TSLANet TSCMamba | M5: ours | N5: TimesNet | O5: ours | P5: ModernTCN | Q5: ours | R5: original | S5: TSLANet TSCMamba | T5: ours | U5: original | V5: revisited | W5: ours | X5: original | Y5: TSCMamba | Z5: ours | AA5: original | AB5: ours | AC5: TimesNet | AD5: ours | AE5: TimesNet | AF5: ours | AG5: ModernTCN TSLANet TSCMamba | AH5: ours | AI5: ModernTCN TSLANet TSCMamba | AJ5: ours | AK5: original | AL5: TSLANet TSCMamba | AM5: ours | AN5: TimeMixer++ | AO5: ours | AP5: original | AQ5: ours | AR5: original | AS5: ours
A6: EC | B6: ='Compare w prev (colored)'!B6 -> 32.281369 | C6: ='Compare w prev (colored)'!C6 -> 32.319392 | D6: ='Compare w prev (colored)'!D6 -> 45.209125 | E6: ='Compare w prev (colored)'!E6 -> 44.486692 | F6: ='Compare w prev (colored)'!F6 -> 79.087452 | G6: ='Compare w prev (colored)'!G6 -> 52.851711 | H6: ='Compare w prev (colored)'!H6 -> 54.790875 | I6: ='Compare w prev (colored)'!I6 -> 54.372624 | ... X6: ='Compare w prev (colored)'!X6 -> 30.418251 | Z6: ='Compare w prev (colored)'!Z6 -> 31.939163 | AA6: ='Compare w prev (colored)'!AA6 -> 39.885932 | AB6: ='Compare w prev (colored)'!AB6 -> 34.60076 | AC6: ='Compare w prev (colored)'!AC6 -> 31.21673 | AD6: ='Compare w prev (colored)'!AD6 -> 33.840304 | AE6: ='Compare w prev (colored)'!AE6 -> 28.098859 | AF6: ='Compare w prev (colored)'!AF6 -> 33.079848 | AG6: ='Compare w prev (colored)'!AG6 -> 37.984791 | ... AS6: ='Compare w prev (colored)'!AS6 -> 30.798479
A7: FD | B7: ='Compare w prev (colored)'!B7 -> 52.900114 | C7: ='Compare w prev (colored)'!C7 -> 52.866061 | D7: ='Compare w prev (colored)'!D7 -> 64.699205 | E7: ='Compare w prev (colored)'!E7 -> 61.606129 | F7: ='Compare w prev (colored)'!F7 -> 71.3479 | G7: ='Compare w prev (colored)'!G7 -> 61.379115 | H7: ='Compare w prev (colored)'!H7 -> 52.301362 | I7: ='Compare w prev (colored)'!I7 -> 60.981839 | ... X7: ='Compare w prev (colored)'!X7 -> 66.770715 | Z7: ='Compare w prev (colored)'!Z7 -> 66.969353 | AA7: ='Compare w prev (colored)'!AA7 -> 71.799092 | AB7: ='Compare w prev (colored)'!AB7 -> 69.665153 | AC7: ='Compare w prev (colored)'!AC7 -> 65.998865 | AD7: ='Compare w prev (colored)'!AD7 -> 69.892168 | AE7: ='Compare w prev (colored)'!AE7 -> 66.299659 | AF7: ='Compare w prev (colored)'!AF7 -> 68.331442 | AG7: ='Compare w prev (colored)'!AG7 -> 68.700341 | ... AS7: ='Compare w prev (colored)'!AS7 -> 70.204313
A8: HW | B8: ='Compare w prev (colored)'!B8 -> 28.6 | C8: ='Compare w prev (colored)'!C8 -> 60.705882 | D8: ='Compare w prev (colored)'!D8 -> 58.8 | E8: ='Compare w prev (colored)'!E8 -> 59.294118 | F8: ='Compare w prev (colored)'!F8 -> 56.341176 | G8: ='Compare w prev (colored)'!G8 -> 56 | H8: ='Compare w prev (colored)'!H8 -> 46.6 | I8: ='Compare w prev (colored)'!I8 -> 56.352941 | ... X8: ='Compare w prev (colored)'!X8 -> 57.882353 | Z8: ='Compare w prev (colored)'!Z8 -> 62 | AA8: ='Compare w prev (colored)'!AA8 -> 26.505882 | AB8: ='Compare w prev (colored)'!AB8 -> 33.647059 | AC8: ='Compare w prev (colored)'!AC8 -> 28 | AD8: ='Compare w prev (colored)'!AD8 -> 33.411765 | AE8: ='Compare w prev (colored)'!AE8 -> 32.505882 | AF8: ='Compare w prev (colored)'!AF8 -> 35.647059 | AG8: ='Compare w prev (colored)'!AG8 -> 28.8 | ... AS8: ='Compare w prev (colored)'!AS8 -> 45.058824
A9: HB | B9: ='Compare w prev (colored)'!B9 -> 71.707317 | C9: ='Compare w prev (colored)'!C9 -> 71.707317 | D9: ='Compare w prev (colored)'!D9 -> 75.609756 | E9: ='Compare w prev (colored)'!E9 -> 75.609756 | F9: ='Compare w prev (colored)'!F9 -> 72.878049 | G9: ='Compare w prev (colored)'!G9 -> 78.536585 | H9: ='Compare w prev (colored)'!H9 -> 76.097561 | I9: ='Compare w prev (colored)'!I9 -> 76.585366 | ... X9: ='Compare w prev (colored)'!X9 -> 77.560976 | Z9: ='Compare w prev (colored)'!Z9 -> 79.512195 | AA9: ='Compare w prev (colored)'!AA9 -> 79.121951 | AB9: ='Compare w prev (colored)'!AB9 -> 80.487805 | AC9: ='Compare w prev (colored)'!AC9 -> 73.707317 | AD9: ='Compare w prev (colored)'!AD9 -> 78.04878 | AE9: ='Compare w prev (colored)'!AE9 -> 71.219512 | AF9: ='Compare w prev (colored)'!AF9 -> 78.536585 | AG9: ='Compare w prev (colored)'!AG9 -> 77.609756 | ... AS9: ='Compare w prev (colored)'!AS9 -> 78.536585
A10: JV | B10: ='Compare w prev (colored)'!B10 -> 94.891892 | C10: ='Compare w prev (colored)'!C10 -> 95.945946 | D10: ='Compare w prev (colored)'!D10 -> 96.189189 | E10: ='Compare w prev (colored)'!E10 -> 83.783784 | G10: ='Compare w prev (colored)'!G10 -> 98.378378 | H10: ='Compare w prev (colored)'!H10 -> 97.810811 | I10: ='Compare w prev (colored)'!I10 -> 97.837838 | J10: ='Compare w prev (colored)'!J10 -> 97.810811 | K10: ='Compare w prev (colored)'!K10 -> 98.378378 | L10: ='Compare w prev (colored)'!L10 -> 97.837838 | M10: ='Compare w prev (colored)'!M10 -> 96.486486 | N10: ='Compare w prev (colored)'!N10 -> 96.189189 | ... X10: ='Compare w prev (colored)'!X10 -> 99.189189 | Z10: ='Compare w prev (colored)'!Z10 -> 98.918919 | AA10: ='Compare w prev (colored)'!AA10 -> 97.891892 | AB10: ='Compare w prev (colored)'!AB10 -> 99.189189 | AC10: ='Compare w prev (colored)'!AC10 -> 98.405405 | AD10: ='Compare w prev (colored)'!AD10 -> 97.567568 | AE10: ='Compare w prev (colored)'!AE10 -> 95.891892 | AF10: ='Compare w prev (colored)'!AF10 -> 98.378378 | AG10: ='Compare w prev (colored)'!AG10 -> 99.108108 | ... AS10: ='Compare w prev (colored)'!AS10 -> 98.378378
A11: PEMS | B11: ='Compare w prev (colored)'!B11 -> 71.098266 | C11: ='Compare w prev (colored)'!C11 -> 71.098266 | D11: ='Compare w prev (colored)'!D11 -> 75.086705 | E11: ='Compare w prev (colored)'!E11 -> 84.393064 | F11: ='Compare w prev (colored)'!F11 -> 99.82659 | G11: ='Compare w prev (colored)'!G11 -> 97.687861 | H11: ='Compare w prev (colored)'!H11 -> 80.289017 | I11: ='Compare w prev (colored)'!I11 -> 98.265896 | ... X11: ='Compare w prev (colored)'!X11 -> 83.815029 | Z11: ='Compare w prev (colored)'!Z11 -> 89.017341 | AA11: ='Compare w prev (colored)'!AA11 -> 90.982659 | AB11: ='Compare w prev (colored)'!AB11 -> 89.017341 | AC11: ='Compare w prev (colored)'!AC11 -> 80.924855 | AD11: ='Compare w prev (colored)'!AD11 -> 89.017341 | AE11: ='Compare w prev (colored)'!AE11 -> 86.011561 | AF11: ='Compare w prev (colored)'!AF11 -> 87.861272 | AG11: ='Compare w prev (colored)'!AG11 -> 85.895954 | ... AS11: ='Compare w prev (colored)'!AS11 -> 90.17341
A12: SRS1 | B12: ='Compare w prev (colored)'!B12 -> 77.713311 | C12: ='Compare w prev (colored)'!C12 -> 77.474403 | D12: ='Compare w prev (colored)'!D12 -> 90.784983 | E12: ='Compare w prev (colored)'!E12 -> 85.665529 | F12: ='Compare w prev (colored)'!F12 -> 87.883959 | G12: ='Compare w prev (colored)'!G12 -> 89.078498 | H12: ='Compare w prev (colored)'!H12 -> 86.68942 | I12: ='Compare w prev (colored)'!I12 -> 86.68942 | ... X12: ='Compare w prev (colored)'!X12 -> 91.808874 | Z12: ='Compare w prev (colored)'!Z12 -> 89.761092 | AA12: ='Compare w prev (colored)'!AA12 -> 93.105802 | AB12: ='Compare w prev (colored)'!AB12 -> 92.150171 | AC12: ='Compare w prev (colored)'!AC12 -> 88.703072 | AD12: ='Compare w prev (colored)'!AD12 -> 75.085324 | AE12: ='Compare w prev (colored)'!AE12 -> 89.590444 | AF12: ='Compare w prev (colored)'!AF12 -> 92.150171 | AG12: ='Compare w prev (colored)'!AG12 -> 92.491468 | ... AS12: ='Compare w prev (colored)'!AS12 -> 92.832765
A13: SRS2 | B13: ='Compare w prev (colored)'!B13 -> 53.888889 | C13: ='Compare w prev (colored)'!C13 -> 53.888889 | D13: ='Compare w prev (colored)'!D13 -> 54.444444 | E13: ='Compare w prev (colored)'!E13 -> 55.555556 | F13: ='Compare w prev (colored)'!F13 -> 50.444444 | G13: ='Compare w prev (colored)'!G13 -> 54.444444 | H13: ='Compare w prev (colored)'!H13 -> 58.888889 | I13: ='Compare w prev (colored)'!I13 -> 58.888889 | ... X13: ='Compare w prev (colored)'!X13 -> 61.666667 | Z13: ='Compare w prev (colored)'!Z13 -> 63.888889 | AA13: ='Compare w prev (colored)'!AA13 -> 65.611111 | AB13: ='Compare w prev (colored)'!AB13 -> 60.555556 | AC13: ='Compare w prev (colored)'!AC13 -> 54.388889 | AD13: ='Compare w prev (colored)'!AD13 -> 59.444444 | AE13: ='Compare w prev (colored)'!AE13 -> 55 | AF13: ='Compare w prev (colored)'!AF13 -> 60 | AG13: ='Compare w prev (colored)'!AG13 -> 58.277778 | ... AS13: ='Compare w prev (colored)'!AS13 -> 62.222222
A14: SAD | B14: ='Compare w prev (colored)'!B14 -> 96.298317 | C14: ='Compare w prev (colored)'!C14 -> 97.226012 | D14: ='Compare w prev (colored)'!D14 -> 99.199636 | E14: ='Compare w prev (colored)'!E14 -> 99.226921 | G14: ='Compare w prev (colored)'!G14 -> 99.135971 | H14: ='Compare w prev (colored)'!H14 -> 98.8995 | I14: ='Compare w prev (colored)'!I14 -> 99.135971 | J14: ='Compare w prev (colored)'!J14 -> 99.299682 | K14: ='Compare w prev (colored)'!K14 -> 99.04502 | L14: ='Compare w prev (colored)'!L14 -> 96.680309 | M14: ='Compare w prev (colored)'!M14 -> 96.953161 | N14: ='Compare w prev (colored)'!N14 -> 100 | ... X14: ='Compare w prev (colored)'!X14 -> 99.90905 | Z14: ='Compare w prev (colored)'!Z14 -> 98.044566 | AA14: ='Compare w prev (colored)'!AA14 -> 99.799909 | AB14: ='Compare w prev (colored)'!AB14 -> 99.545248 | AC14: ='Compare w prev (colored)'!AC14 -> 100 | AD14: ='Compare w prev (colored)'!AD14 -> 99.454297 | AE14: ='Compare w prev (colored)'!AE14 -> 100 | AF14: ='Compare w prev (colored)'!AF14 -> 98.999545 | AG14: ='Compare w prev (colored)'!AG14 -> 97.899045 | ... AS14: ='Compare w prev (colored)'!AS14 -> 95.81628
A15: UW | B15: ='Compare w prev (colored)'!B15 -> 90.3125 | C15: ='Compare w prev (colored)'!C15 -> 90.3125 | D15: ='Compare w prev (colored)'!D15 -> 94.40625 | E15: ='Compare w prev (colored)'!E15 -> 94.0625 | F15: ='Compare w prev (colored)'!F15 -> 94.875 | G15: ='Compare w prev (colored)'!G15 -> 94.0625 | H15: ='Compare w prev (colored)'!H15 -> 90.90625 | I15: ='Compare w prev (colored)'!I15 -> 94.375 | ... X15: ='Compare w prev (colored)'!X15 -> 91.25 | Z15: ='Compare w prev (colored)'!Z15 -> 94.375 | AA15: ='Compare w prev (colored)'!AA15 -> 88.1875 | AB15: ='Compare w prev (colored)'!AB15 -> 90.625 | AC15: ='Compare w prev (colored)'!AC15 -> 85.3125 | AD15: ='Compare w prev (colored)'!AD15 -> 79.6875 | AE15: ='Compare w prev (colored)'!AE15 -> 85 | AF15: ='Compare w prev (colored)'!AF15 -> 89.6875 | AG15: ='Compare w prev (colored)'!AG15 -> 85.3125 | ... AS15: ='Compare w prev (colored)'!AS15 -> 95.3125
A16: AWR | C16: ='Compare w prev (colored)'!C16 -> 98.666667 | D16: ='Compare w prev (colored)'!D16 -> 99.333333 | E16: ='Compare w prev (colored)'!E16 -> 99.333333 | F16: ='Compare w prev (colored)'!F16 -> 99.566667 | G16: ='Compare w prev (colored)'!G16 -> 99.333333 | H16: ='Compare w prev (colored)'!H16 -> 99 | I16: ='Compare w prev (colored)'!I16 -> 99.333333 | J16: ='Compare w prev (colored)'!J16 -> 99.333333 | ... M16: ='Compare w prev (colored)'!M16 -> 97.666667 | O16: ='Compare w prev (colored)'!O16 -> 98.333333 | Q16: ='Compare w prev (colored)'!Q16 -> 99 | S16: ='Compare w prev (colored)'!S16 -> 96.166667 | T16: ='Compare w prev (colored)'!T16 -> 98.666667 | W16: ='Compare w prev (colored)'!W16 -> 98.666667 | X16: ='Compare w prev (colored)'!X16 -> 99 | Z16: ='Compare w prev (colored)'!Z16 -> 99.333333 | AB16: ='Compare w prev (colored)'!AB16 -> 99 | AD16: ='Compare w prev (colored)'!AD16 -> 92.333333 | AF16: ='Compare w prev (colored)'!AF16 -> 98.666667 | AG16: ='Compare w prev (colored)'!AG16 -> 98 | AH16: ='Compare w prev (colored)'!AH16 -> 98.666667 | AI16: ='Compare w prev (colored)'!AI16 -> 97.666667 | AJ16: ='Compare w prev (colored)'!AJ16 -> 98.666667 | AL16: ='Compare w prev (colored)'!AL16 -> 93.333333 | AM16: ='Compare w prev (colored)'!AM16 -> 98.666667 | AO16: ='Compare w prev (colored)'!AO16 -> 99 | AP16: ='Compare w prev (colored)'!AP16 -> 99.666667 | AQ16: ='Compare w prev (colored)'!AQ16 -> 99 | AR16: ='Compare w prev (colored)'!AR16 -> 97 | AS16: ='Compare w prev (colored)'!AS16 -> 99.333333
A17: AF | C17: ='Compare w prev (colored)'!C17 -> 20 | D17: ='Compare w prev (colored)'!D17 -> 20 | E17: ='Compare w prev (colored)'!E17 -> 6.6666667 | F17: ='Compare w prev (colored)'!F17 -> 28 | G17: ='Compare w prev (colored)'!G17 -> 20 | H17: ='Compare w prev (colored)'!H17 -> 13.333333 | I17: ='Compare w prev (colored)'!I17 -> 26.666667 | J17: ='Compare w prev (colored)'!J17 -> 6.6666667 | ... M17: ='Compare w prev (colored)'!M17 -> 53.333333 | O17: ='Compare w prev (colored)'!O17 -> 73.333333 | Q17: ='Compare w prev (colored)'!Q17 -> 60 | S17: ='Compare w prev (colored)'!S17 -> 33.333333 | T17: ='Compare w prev (colored)'!T17 -> 66.666667 | W17: ='Compare w prev (colored)'!W17 -> 73.333333 | X17: ='Compare w prev (colored)'!X17 -> 40 | Z17: ='Compare w prev (colored)'!Z17 -> 66.666667 | AB17: ='Compare w prev (colored)'!AB17 -> 66.666667 | AD17: ='Compare w prev (colored)'!AD17 -> 73.333333 | AF17: ='Compare w prev (colored)'!AF17 -> 80 | AG17: ='Compare w prev (colored)'!AG17 -> 46.666667 | AH17: ='Compare w prev (colored)'!AH17 -> 73.333333 | AI17: ='Compare w prev (colored)'!AI17 -> 53.333333 | AJ17: ='Compare w prev (colored)'!AJ17 -> 80 | AL17: ='Compare w prev (colored)'!AL17 -> 33.333333 | AM17: ='Compare w prev (colored)'!AM17 -> 66.666667 | AO17: ='Compare w prev (colored)'!AO17 -> 66.666667 | AP17: ='Compare w prev (colored)'!AP17 -> 33.333333 | AQ17: ='Compare w prev (colored)'!AQ17 -> 46.666667 | AR17: ='Compare w prev (colored)'!AR17 -> 67.333333 | AS17: ='Compare w prev (colored)'!AS17 -> 66.666667
A18: BM | C18: ='Compare w prev (colored)'!C18 -> 97.5 | D18: ='Compare w prev (colored)'!D18 -> 100 | E18: ='Compare w prev (colored)'!E18 -> 100 | F18: ='Compare w prev (colored)'!F18 -> 99 | G18: ='Compare w prev (colored)'!G18 -> 100 | H18: ='Compare w prev (colored)'!H18 -> 100 | I18: ='Compare w prev (colored)'!I18 -> 100 | J18: ='Compare w prev (colored)'!J18 -> 100 | ... M18: ='Compare w prev (colored)'!M18 -> 87.5 | O18: ='Compare w prev (colored)'!O18 -> 100 | Q18: ='Compare w prev (colored)'!Q18 -> 100 | S18: ='Compare w prev (colored)'!S18 -> 100 | T18: ='Compare w prev (colored)'!T18 -> 100 | W18: ='Compare w prev (colored)'!W18 -> 100 | X18: ='Compare w prev (colored)'!X18 -> 100 | Z18: ='Compare w prev (colored)'!Z18 -> 100 | AB18: ='Compare w prev (colored)'!AB18 -> 100 | AD18: ='Compare w prev (colored)'!AD18 -> 95 | AF18: ='Compare w prev (colored)'!AF18 -> 100 | AG18: ='Compare w prev (colored)'!AG18 -> 90 | AH18: ='Compare w prev (colored)'!AH18 -> 100 | AI18: ='Compare w prev (colored)'!AI18 -> 92.5 | AJ18: ='Compare w prev (colored)'!AJ18 -> 85 | AL18: ='Compare w prev (colored)'!AL18 -> 92.5 | AM18: ='Compare w prev (colored)'!AM18 -> 100 | AO18: ='Compare w prev (colored)'!AO18 -> 97.5 | AP18: ='Compare w prev (colored)'!AP18 -> 100 | AQ18: ='Compare w prev (colored)'!AQ18 -> 100 | AR18: ='Compare w prev (colored)'!AR18 -> 100 | AS18: ='Compare w prev (colored)'!AS18 -> 100
A19: CT | C19: ='Compare w prev (colored)'!C19 -> 98.816156 | D19: ='Compare w prev (colored)'!D19 -> 98.753482 | E19: ='Compare w prev (colored)'!E19 -> 99.303621 | G19: ='Compare w prev (colored)'!G19 -> 99.303621 | H19: ='Compare w prev (colored)'!H19 -> 98.600279 | I19: ='Compare w prev (colored)'!I19 -> 99.164345 | J19: ='Compare w prev (colored)'!J19 -> 99.199164 | K19: ='Compare w prev (colored)'!K19 -> 99.373259 | L19: ='Compare w prev (colored)'!L19 -> 97.346797 | M19: ='Compare w prev (colored)'!M19 -> 98.119777 | O19: ='Compare w prev (colored)'!O19 -> 98.955432 | Q19: ='Compare w prev (colored)'!Q19 -> 97.980501 | S19: ='Compare w prev (colored)'!S19 -> 97.980501 | T19: ='Compare w prev (colored)'!T19 -> 98.746518 | W19: ='Compare w prev (colored)'!W19 -> 99.303621 | Y19: ='Compare w prev (colored)'!Y19 -> 98.746518 | Z19: ='Compare w prev (colored)'!Z19 -> 99.164345 | AB19: ='Compare w prev (colored)'!AB19 -> 99.373259 | AD19: ='Compare w prev (colored)'!AD19 -> 97.284123 | AF19: ='Compare w prev (colored)'!AF19 -> 98.467967 | AG19: ='Compare w prev (colored)'!AG19 -> 98.328691 | AH19: ='Compare w prev (colored)'!AH19 -> 98.955432 | AI19: ='Compare w prev (colored)'!AI19 -> 97.346797 | AJ19: ='Compare w prev (colored)'!AJ19 -> 98.398329 | AL19: ='Compare w prev (colored)'!AL19 -> 98.259053 | AM19: ='Compare w prev (colored)'!AM19 -> 99.373259 | AO19: ='Compare w prev (colored)'!AO19 -> 98.885794 | AP19: ='Compare w prev (colored)'!AP19 -> 99.791086 | AQ19: ='Compare w prev (colored)'!AQ19 -> 99.791086 | AR19: ='Compare w prev (colored)'!AR19 -> 98.997214 | AS19: ='Compare w prev (colored)'!AS19 -> 99.512535
A20: CR | C20: ='Compare w prev (colored)'!C20 -> 100 | D20: ='Compare w prev (colored)'!D20 -> 98.611111 | E20: ='Compare w prev (colored)'!E20 -> 100 | F20: ='Compare w prev (colored)'!F20 -> 100 | G20: ='Compare w prev (colored)'!G20 -> 100 | H20: ='Compare w prev (colored)'!H20 -> 98.611111 | I20: ='Compare w prev (colored)'!I20 -> 100 | J20: ='Compare w prev (colored)'!J20 -> 98.611111 | ... M20: ='Compare w prev (colored)'!M20 -> 91.666667 | O20: ='Compare w prev (colored)'!O20 -> 93.055556 | Q20: ='Compare w prev (colored)'!Q20 -> 97.222222 | S20: ='Compare w prev (colored)'!S20 -> 87.5 | T20: ='Compare w prev (colored)'!T20 -> 97.222222 | W20: ='Compare w prev (colored)'!W20 -> 97.222222 | X20: ='Compare w prev (colored)'!X20 -> 98.611111 | Z20: ='Compare w prev (colored)'!Z20 -> 91.666667 | AB20: ='Compare w prev (colored)'!AB20 -> 98.611111 | AD20: ='Compare w prev (colored)'!AD20 -> 90.277778 | AF20: ='Compare w prev (colored)'!AF20 -> 98.611111 | AG20: ='Compare w prev (colored)'!AG20 -> 84.722222 | AH20: ='Compare w prev (colored)'!AH20 -> 97.222222 | AI20: ='Compare w prev (colored)'!AI20 -> 84.722222 | AJ20: ='Compare w prev (colored)'!AJ20 -> 97.222222 | AL20: ='Compare w prev (colored)'!AL20 -> 8.3333333 | AM20: ='Compare w prev (colored)'!AM20 -> 97.222222 | AO20: ='Compare w prev (colored)'!AO20 -> 97.222222 | AP20: ='Compare w prev (colored)'!AP20 -> 100 | AQ20: ='Compare w prev (colored)'!AQ20 -> 100 | AR20: ='Compare w prev (colored)'!AR20 -> 98.611111 | AS20: ='Compare w prev (colored)'!AS20 -> 100
A21: DDG | C21: ='Compare w prev (colored)'!C21 -> 58 | D21: ='Compare w prev (colored)'!D21 -> 52 | E21: ='Compare w prev (colored)'!E21 -> 52 | F21: ='Compare w prev (colored)'!F21 -> 49.8 | G21: ='Compare w prev (colored)'!G21 -> 70 | H21: ='Compare w prev (colored)'!H21 -> 68 | I21: ='Compare w prev (colored)'!I21 -> 68 | J21: ='Compare w prev (colored)'!J21 -> 64 | ... M21: ='Compare w prev (colored)'!M21 -> 66 | O21: ='Compare w prev (colored)'!O21 -> 56 | Q21: ='Compare w prev (colored)'!Q21 -> 68 | S21: ='Compare w prev (colored)'!S21 -> 56 | T21: ='Compare w prev (colored)'!T21 -> 68 | W21: ='Compare w prev (colored)'!W21 -> 66 | Y21: ='Compare w prev (colored)'!Y21 -> 24 | Z21: ='Compare w prev (colored)'!Z21 -> 74 | AB21: ='Compare w prev (colored)'!AB21 -> 74 | AD21: ='Compare w prev (colored)'!AD21 -> 42 | AF21: ='Compare w prev (colored)'!AF21 -> 42 | AG21: ='Compare w prev (colored)'!AG21 -> 44 | AH21: ='Compare w prev (colored)'!AH21 -> 72 | AI21: ='Compare w prev (colored)'!AI21 -> 24 | AJ21: ='Compare w prev (colored)'!AJ21 -> 40 | AL21: ='Compare w prev (colored)'!AL21 -> 50 | AM21: ='Compare w prev (colored)'!AM21 -> 66 | AO21: ='Compare w prev (colored)'!AO21 -> 60 | AP21: ='Compare w prev (colored)'!AP21 -> 68 | AQ21: ='Compare w prev (colored)'!AQ21 -> 76 | AR21: ='Compare w prev (colored)'!AR21 -> 62 | AS21: ='Compare w prev (colored)'!AS21 -> 50
A22: EW | C22: ='Compare w prev (colored)'!C22 -> 61.832061 | D22: ='Compare w prev (colored)'!D22 -> 78.625954 | E22: ='Compare w prev (colored)'!E22 -> 91.603053 | F22: ='Compare w prev (colored)'!F22 -> 89.465649 | G22: ='Compare w prev (colored)'!G22 -> 97.709924 | H22: ='Compare w prev (colored)'!H22 -> 98.473282 | I22: ='Compare w prev (colored)'!I22 -> 98.473282 | J22: ='Compare w prev (colored)'!J22 -> 96.183206 | ... M22: ='Compare w prev (colored)'!M22 -> 42.748092 | O22: ='Compare w prev (colored)'!O22 -> 54.198473 | Q22: ='Compare w prev (colored)'!Q22 -> 66.412214 | S22: ='Compare w prev (colored)'!S22 -> 58.778626 | T22: ='Compare w prev (colored)'!T22 -> 63.358779 | W22: ='Compare w prev (colored)'!W22 -> 64.122137 | Y22: ='Compare w prev (colored)'!Y22 -> 41.221374 | Z22: ='Compare w prev (colored)'!Z22 -> 81.679389 | AB22: ='Compare w prev (colored)'!AB22 -> 61.068702 | AD22: ='Compare w prev (colored)'!AD22 -> 63.358779 | AF22: ='Compare w prev (colored)'!AF22 -> 70.992366 | AG22: ='Compare w prev (colored)'!AG22 -> 54.961832 | AH22: ='Compare w prev (colored)'!AH22 -> 58.015267 | AI22: ='Compare w prev (colored)'!AI22 -> 54.198473 | AJ22: ='Compare w prev (colored)'!AJ22 -> 57.251908 | AL22: ='Compare w prev (colored)'!AL22 -> 48.091603 | AM22: ='Compare w prev (colored)'!AM22 -> 66.412214 | AO22: ='Compare w prev (colored)'!AO22 -> 59.541985 | AP22: ='Compare w prev (colored)'!AP22 -> 83.969466 | AQ22: ='Compare w prev (colored)'!AQ22 -> 82.442748 | AR22: ='Compare w prev (colored)'!AR22 -> 87.022901 | AS22: ='Compare w prev (colored)'!AS22 -> 88.549618
A23: EP | C23: ='Compare w prev (colored)'!C23 -> 96.376812 | D23: ='Compare w prev (colored)'!D23 -> 98.550725 | E23: ='Compare w prev (colored)'!E23 -> 99.275362 | F23: ='Compare w prev (colored)'!F23 -> 99.782609 | G23: ='Compare w prev (colored)'!G23 -> 100 | H23: ='Compare w prev (colored)'!H23 -> 100 | I23: ='Compare w prev (colored)'!I23 -> 100 | J23: ='Compare w prev (colored)'!J23 -> 100 | ... M23: ='Compare w prev (colored)'!M23 -> 65.217391 | O23: ='Compare w prev (colored)'!O23 -> 97.101449 | Q23: ='Compare w prev (colored)'!Q23 -> 66.666667 | S23: ='Compare w prev (colored)'!S23 -> 78.115942 | T23: ='Compare w prev (colored)'!T23 -> 96.376812 | W23: ='Compare w prev (colored)'!W23 -> 96.376812 | X23: ='Compare w prev (colored)'!X23 -> 98.550725 | Z23: ='Compare w prev (colored)'!Z23 -> 100 | AB23: ='Compare w prev (colored)'!AB23 -> 94.927536 | AD23: ='Compare w prev (colored)'!AD23 -> 92.753623 | AF23: ='Compare w prev (colored)'!AF23 -> 92.753623 | AG23: ='Compare w prev (colored)'!AG23 -> 73.188406 | AH23: ='Compare w prev (colored)'!AH23 -> 95.652174 | AI23: ='Compare w prev (colored)'!AI23 -> 65.942029 | AJ23: ='Compare w prev (colored)'!AJ23 -> 98.550725 | AL23: ='Compare w prev (colored)'!AL23 -> 85.507246 | AM23: ='Compare w prev (colored)'!AM23 -> 89.855072 | AO23: ='Compare w prev (colored)'!AO23 -> 80.434783 | AP23: ='Compare w prev (colored)'!AP23 -> 99.275362 | AQ23: ='Compare w prev (colored)'!AQ23 -> 97.826087 | AR23: ='Compare w prev (colored)'!AR23 -> 97.101449 | AS23: ='Compare w prev (colored)'!AS23 -> 99.275362
A24: ER | C24: ='Compare w prev (colored)'!C24 -> 91.481481 | D24: ='Compare w prev (colored)'!D24 -> 94.074074 | E24: ='Compare w prev (colored)'!E24 -> 98.888889 | F24: ='Compare w prev (colored)'!F24 -> 98.518519 | G24: ='Compare w prev (colored)'!G24 -> 98.888889 | H24: ='Compare w prev (colored)'!H24 -> 98.518519 | I24: ='Compare w prev (colored)'!I24 -> 98.888889 | J24: ='Compare w prev (colored)'!J24 -> 98.888889 | ... M24: ='Compare w prev (colored)'!M24 -> 91.851852 | O24: ='Compare w prev (colored)'!O24 -> 94.444444 | Q24: ='Compare w prev (colored)'!Q24 -> 77.777778 | S24: ='Compare w prev (colored)'!S24 -> 94.074074 | T24: ='Compare w prev (colored)'!T24 -> 95.555556 | W24: ='Compare w prev (colored)'!W24 -> 97.407407 | Y24: ='Compare w prev (colored)'!Y24 -> 91.481481 | Z24: ='Compare w prev (colored)'!Z24 -> 85.925926 | AB24: ='Compare w prev (colored)'!AB24 -> 96.296296 | AD24: ='Compare w prev (colored)'!AD24 -> 95.925926 | AF24: ='Compare w prev (colored)'!AF24 -> 96.296296 | AG24: ='Compare w prev (colored)'!AG24 -> 94.074074 | AH24: ='Compare w prev (colored)'!AH24 -> 97.407407 | AI24: ='Compare w prev (colored)'!AI24 -> 92.592593 | AJ24: ='Compare w prev (colored)'!AJ24 -> 96.666667 | AL24: ='Compare w prev (colored)'!AL24 -> 95.925926 | AM24: ='Compare w prev (colored)'!AM24 -> 96.296296 | AO24: ='Compare w prev (colored)'!AO24 -> 94.814815 | AP24: ='Compare w prev (colored)'!AP24 -> 95.185185 | AQ24: ='Compare w prev (colored)'!AQ24 -> 87.777778 | AR24: ='Compare w prev (colored)'!AR24 -> 91.518519 | AS24: ='Compare w prev (colored)'!AS24 -> 97.037037
A25: FM | C25: ='Compare w prev (colored)'!C25 -> 53 | D25: ='Compare w prev (colored)'!D25 -> 61 | E25: ='Compare w prev (colored)'!E25 -> 57 | F25: ='Compare w prev (colored)'!F25 -> 55.2 | G25: ='Compare w prev (colored)'!G25 -> 61 | H25: ='Compare w prev (colored)'!H25 -> 55 | I25: ='Compare w prev (colored)'!I25 -> 55 | J25: ='Compare w prev (colored)'!J25 -> 56 | ... M25: ='Compare w prev (colored)'!M25 -> 62 | O25: ='Compare w prev (colored)'!O25 -> 64 | Q25: ='Compare w prev (colored)'!Q25 -> 63 | S25: ='Compare w prev (colored)'!S25 -> 59.4 | T25: ='Compare w prev (colored)'!T25 -> 66 | W25: ='Compare w prev (colored)'!W25 -> 67 | X25: ='Compare w prev (colored)'!X25 -> 61 | Z25: ='Compare w prev (colored)'!Z25 -> 68 | AB25: ='Compare w prev (colored)'!AB25 -> 67 | AD25: ='Compare w prev (colored)'!AD25 -> 72 | AF25: ='Compare w prev (colored)'!AF25 -> 66 | AG25: ='Compare w prev (colored)'!AG25 -> 64 | AH25: ='Compare w prev (colored)'!AH25 -> 64 | AI25: ='Compare w prev (colored)'!AI25 -> 62 | AJ25: ='Compare w prev (colored)'!AJ25 -> 63 | AL25: ='Compare w prev (colored)'!AL25 -> 57 | AM25: ='Compare w prev (colored)'!AM25 -> 66 | AO25: ='Compare w prev (colored)'!AO25 -> 64 | AP25: ='Compare w prev (colored)'!AP25 -> 64 | AQ25: ='Compare w prev (colored)'!AQ25 -> 67 | AR25: ='Compare w prev (colored)'!AR25 -> 69 | AS25: ='Compare w prev (colored)'!AS25 -> 66
A26: HMD | C26: ='Compare w prev (colored)'!C26 -> 18.918919 | D26: ='Compare w prev (colored)'!D26 -> 50 | E26: ='Compare w prev (colored)'!E26 -> 51.351351 | F26: ='Compare w prev (colored)'!F26 -> 39.72973 | G26: ='Compare w prev (colored)'!G26 -> 48.648649 | H26: ='Compare w prev (colored)'!H26 -> 21.621622 | I26: ='Compare w prev (colored)'!I26 -> 51.351351 | J26: ='Compare w prev (colored)'!J26 -> 36.486486 | ... M26: ='Compare w prev (colored)'!M26 -> 66.216216 | O26: ='Compare w prev (colored)'!O26 -> 66.216216 | Q26: ='Compare w prev (colored)'!Q26 -> 70.27027 | S26: ='Compare w prev (colored)'!S26 -> 50 | T26: ='Compare w prev (colored)'!T26 -> 72.972973 | W26: ='Compare w prev (colored)'!W26 -> 66.216216 | X26: ='Compare w prev (colored)'!X26 -> 52.702703 | Z26: ='Compare w prev (colored)'!Z26 -> 48.648649 | AB26: ='Compare w prev (colored)'!AB26 -> 72.972973 | AD26: ='Compare w prev (colored)'!AD26 -> 71.621622 | AF26: ='Compare w prev (colored)'!AF26 -> 63.513514 | AG26: ='Compare w prev (colored)'!AG26 -> 58.108108 | AH26: ='Compare w prev (colored)'!AH26 -> 66.216216 | AI26: ='Compare w prev (colored)'!AI26 -> 58.108108 | AJ26: ='Compare w prev (colored)'!AJ26 -> 63.513514 | AL26: ='Compare w prev (colored)'!AL26 -> 18.918919 | AM26: ='Compare w prev (colored)'!AM26 -> 70.27027 | AO26: ='Compare w prev (colored)'!AO26 -> 58.108108 | AP26: ='Compare w prev (colored)'!AP26 -> 48.648649 | AQ26: ='Compare w prev (colored)'!AQ26 -> 45.945946 | AR26: ='Compare w prev (colored)'!AR26 -> 71.621622 | AS26: ='Compare w prev (colored)'!AS26 -> 60.810811
A27: IW | C27: ='Compare w prev (colored)'!C27 -> 48.692 | D27: ='Compare w prev (colored)'!D27 -> 10 | E27: ='Compare w prev (colored)'!E27 -> 38.524 | G27: ='Compare w prev (colored)'!G27 -> 66.796 | H27: ='Compare w prev (colored)'!H27 -> 67.9 | I27: ='Compare w prev (colored)'!I27 -> 67.052 | J27: ='Compare w prev (colored)'!J27 -> 66.7 | K27: ='Compare w prev (colored)'!K27 -> 65.744 | L27: ='Compare w prev (colored)'!L27 -> 10 | M27: ='Compare w prev (colored)'!M27 -> 18.996 | O27: ='Compare w prev (colored)'!O27 -> 71.676 | Q27: ='Compare w prev (colored)'!Q27 -> 72.424 | S27: ='Compare w prev (colored)'!S27 -> 10 | T27: ='Compare w prev (colored)'!T27 -> 64.024 | W27: ='Compare w prev (colored)'!W27 -> 75.588 | X27: ='Compare w prev (colored)'!X27 -> 10 | Z27: ='Compare w prev (colored)'!Z27 -> 10.012 | AB27: ='Compare w prev (colored)'!AB27 -> 64.192 | AD27: ='Compare w prev (colored)'!AD27 -> 65.244 | AF27: ='Compare w prev (colored)'!AF27 -> 64.868 | AG27: ='Compare w prev (colored)'!AG27 -> 10 | AH27: ='Compare w prev (colored)'!AH27 -> 73.712 | AI27: ='Compare w prev (colored)'!AI27 -> 10 | AJ27: ='Compare w prev (colored)'!AJ27 -> 60.936 | AL27: ='Compare w prev (colored)'!AL27 -> 10 | AM27: ='Compare w prev (colored)'!AM27 -> 61.396 | AO27: ='Compare w prev (colored)'!AO27 -> 73.436 | AP27: ='Compare w prev (colored)'!AP27 -> 66.752 | AQ27: ='Compare w prev (colored)'!AQ27 -> 67.18 | AR27: ='Compare w prev (colored)'!AR27 -> 14.3 | AS27: ='Compare w prev (colored)'!AS27 -> 68.244
A28: LIB | C28: ='Compare w prev (colored)'!C28 -> 87.222222 | D28: ='Compare w prev (colored)'!D28 -> 83.888889 | E28: ='Compare w prev (colored)'!E28 -> 90.555556 | F28: ='Compare w prev (colored)'!F28 -> 92.666667 | G28: ='Compare w prev (colored)'!G28 -> 94.444444 | H28: ='Compare w prev (colored)'!H28 -> 93.277778 | I28: ='Compare w prev (colored)'!I28 -> 93.333333 | J28: ='Compare w prev (colored)'!J28 -> 92.777778 | ... M28: ='Compare w prev (colored)'!M28 -> 70.555556 | O28: ='Compare w prev (colored)'!O28 -> 89.444444 | Q28: ='Compare w prev (colored)'!Q28 -> 34.444444 | S28: ='Compare w prev (colored)'!S28 -> 77.833333 | T28: ='Compare w prev (colored)'!T28 -> 88.333333 | W28: ='Compare w prev (colored)'!W28 -> 90 | X28: ='Compare w prev (colored)'!X28 -> 92.777778 | Z28: ='Compare w prev (colored)'!Z28 -> 95.555556 | AB28: ='Compare w prev (colored)'!AB28 -> 88.333333 | AD28: ='Compare w prev (colored)'!AD28 -> 93.333333 | AF28: ='Compare w prev (colored)'!AF28 -> 90 | AG28: ='Compare w prev (colored)'!AG28 -> 76.111111 | AH28: ='Compare w prev (colored)'!AH28 -> 90.555556 | AI28: ='Compare w prev (colored)'!AI28 -> 81.111111 | AJ28: ='Compare w prev (colored)'!AJ28 -> 81.666667 | AL28: ='Compare w prev (colored)'!AL28 -> 79.444444 | AM28: ='Compare w prev (colored)'!AM28 -> 87.777778 | AO28: ='Compare w prev (colored)'!AO28 -> 91.666667 | AP28: ='Compare w prev (colored)'!AP28 -> 97.222222 | AQ28: ='Compare w prev (colored)'!AQ28 -> 97.222222 | AR28: ='Compare w prev (colored)'!AR28 -> 90 | AS28: ='Compare w prev (colored)'!AS28 -> 91.666667
A29: LSST | C29: ='Compare w prev (colored)'!C29 -> 55.109489 | D29: ='Compare w prev (colored)'!D29 -> 54.099757 | E29: ='Compare w prev (colored)'!E29 -> 64.030819 | F29: ='Compare w prev (colored)'!F29 -> 63.694242 | G29: ='Compare w prev (colored)'!G29 -> 66.382806 | H29: ='Compare w prev (colored)'!H29 -> 60.701541 | I29: ='Compare w prev (colored)'!I29 -> 66.504461 | J29: ='Compare w prev (colored)'!J29 -> 63.600973 | ... M29: ='Compare w prev (colored)'!M29 -> 34.022709 | O29: ='Compare w prev (colored)'!O29 -> 41.524736 | Q29: ='Compare w prev (colored)'!Q29 -> 34.184915 | S29: ='Compare w prev (colored)'!S29 -> 59.209246 | T29: ='Compare w prev (colored)'!T29 -> 44.120032 | W29: ='Compare w prev (colored)'!W29 -> 43.592863 | X29: ='Compare w prev (colored)'!X29 -> 66.3382 | Z29: ='Compare w prev (colored)'!Z29 -> 51.013788 | AB29: ='Compare w prev (colored)'!AB29 -> 44.444444 | AD29: ='Compare w prev (colored)'!AD29 -> 40.997567 | AF29: ='Compare w prev (colored)'!AF29 -> 41.240876 | AG29: ='Compare w prev (colored)'!AG29 -> 42.818329 | AH29: ='Compare w prev (colored)'!AH29 -> 41.768045 | AI29: ='Compare w prev (colored)'!AI29 -> 67.798054 | AJ29: ='Compare w prev (colored)'!AJ29 -> 56.731549 | AL29: ='Compare w prev (colored)'!AL29 -> 46.390916 | AM29: ='Compare w prev (colored)'!AM29 -> 38.077859 | AO29: ='Compare w prev (colored)'!AO29 -> 40.673155 | AP29: ='Compare w prev (colored)'!AP29 -> 60.665045 | AQ29: ='Compare w prev (colored)'!AQ29 -> 59.570154 | AR29: ='Compare w prev (colored)'!AR29 -> 60.300081 | AS29: ='Compare w prev (colored)'!AS29 -> 60.056772
A30: MI | C30: ='Compare w prev (colored)'!C30 -> 50 | D30: ='Compare w prev (colored)'!D30 -> 53 | E30: ='Compare w prev (colored)'!E30 -> 54 | F30: ='Compare w prev (colored)'!F30 -> 53.2 | G30: ='Compare w prev (colored)'!G30 -> 50 | H30: ='Compare w prev (colored)'!H30 -> 50 | I30: ='Compare w prev (colored)'!I30 -> 54 | J30: ='Compare w prev (colored)'!J30 -> 48 | ... M30: ='Compare w prev (colored)'!M30 -> 64 | O30: ='Compare w prev (colored)'!O30 -> 68 | Q30: ='Compare w prev (colored)'!Q30 -> 66 | S30: ='Compare w prev (colored)'!S30 -> 51 | T30: ='Compare w prev (colored)'!T30 -> 68 | W30: ='Compare w prev (colored)'!W30 -> 67 | X30: ='Compare w prev (colored)'!X30 -> 62 | Z30: ='Compare w prev (colored)'!Z30 -> 71 | AB30: ='Compare w prev (colored)'!AB30 -> 67 | AD30: ='Compare w prev (colored)'!AD30 -> 65 | AF30: ='Compare w prev (colored)'!AF30 -> 67 | AG30: ='Compare w prev (colored)'!AG30 -> 61 | AH30: ='Compare w prev (colored)'!AH30 -> 68 | AI30: ='Compare w prev (colored)'!AI30 -> 61 | AJ30: ='Compare w prev (colored)'!AJ30 -> 69 | AL30: ='Compare w prev (colored)'!AL30 -> 50 | AM30: ='Compare w prev (colored)'!AM30 -> 67 | AO30: ='Compare w prev (colored)'!AO30 -> 67 | AP30: ='Compare w prev (colored)'!AP30 -> 64 | AQ30: ='Compare w prev (colored)'!AQ30 -> 67 | AR30: ='Compare w prev (colored)'!AR30 -> 62 | AS30: ='Compare w prev (colored)'!AS30 -> 67
A31: NATO | C31: ='Compare w prev (colored)'!C31 -> 88.333333 | D31: ='Compare w prev (colored)'!D31 -> 83.333333 | E31: ='Compare w prev (colored)'!E31 -> 89.444444 | F31: ='Compare w prev (colored)'!F31 -> 89.222222 | G31: ='Compare w prev (colored)'!G31 -> 91.111111 | H31: ='Compare w prev (colored)'!H31 -> 87.222222 | I31: ='Compare w prev (colored)'!I31 -> 90 | J31: ='Compare w prev (colored)'!J31 -> 91.722222 | ... M31: ='Compare w prev (colored)'!M31 -> 96.111111 | O31: ='Compare w prev (colored)'!O31 -> 97.222222 | Q31: ='Compare w prev (colored)'!Q31 -> 95 | S31: ='Compare w prev (colored)'!S31 -> 81.833333 | T31: ='Compare w prev (colored)'!T31 -> 98.333333 | W31: ='Compare w prev (colored)'!W31 -> 95.555556 | X31: ='Compare w prev (colored)'!X31 -> 95.555556 | Z31: ='Compare w prev (colored)'!Z31 -> 99.444444 | AB31: ='Compare w prev (colored)'!AB31 -> 96.111111 | AD31: ='Compare w prev (colored)'!AD31 -> 96.111111 | AF31: ='Compare w prev (colored)'!AF31 -> 93.333333 | AG31: ='Compare w prev (colored)'!AG31 -> 88.333333 | AH31: ='Compare w prev (colored)'!AH31 -> 93.888889 | AI31: ='Compare w prev (colored)'!AI31 -> 96.666667 | AJ31: ='Compare w prev (colored)'!AJ31 -> 80.555556 | AL31: ='Compare w prev (colored)'!AL31 -> 91.666667 | AM31: ='Compare w prev (colored)'!AM31 -> 96.111111 | AO31: ='Compare w prev (colored)'!AO31 -> 88.888889 | AP31: ='Compare w prev (colored)'!AP31 -> 98.888889 | AQ31: ='Compare w prev (colored)'!AQ31 -> 98.888889 | AR31: ='Compare w prev (colored)'!AR31 -> 94.444444 | AS31: ='Compare w prev (colored)'!AS31 -> 92.222222
A32: PD | C32: ='Compare w prev (colored)'!C32 -> 97.712979 | D32: ='Compare w prev (colored)'!D32 -> 97.341338 | E32: ='Compare w prev (colored)'!E32 -> 98.227559 | F32: ='Compare w prev (colored)'!F32 -> 99.55689 | G32: ='Compare w prev (colored)'!G32 -> 97.655803 | H32: ='Compare w prev (colored)'!H32 -> 96.801029 | I32: ='Compare w prev (colored)'!I32 -> 97.855918 | J32: ='Compare w prev (colored)'!J32 -> 96.801029 | ... M32: ='Compare w prev (colored)'!M32 -> 92.481418 | O32: ='Compare w prev (colored)'!O32 -> 96.998285 | Q32: ='Compare w prev (colored)'!Q32 -> 46.941109 | S32: ='Compare w prev (colored)'!S32 -> 98.190395 | T32: ='Compare w prev (colored)'!T32 -> 98.913665 | W32: ='Compare w prev (colored)'!W32 -> 98.513436 | X32: ='Compare w prev (colored)'!X32 -> 98.939394 | Z32: ='Compare w prev (colored)'!Z32 -> 99.028016 | AB32: ='Compare w prev (colored)'!AB32 -> 98.5992 | AD32: ='Compare w prev (colored)'!AD32 -> 98.5992 | AF32: ='Compare w prev (colored)'!AF32 -> 98.542024 | AG32: ='Compare w prev (colored)'!AG32 -> 93.650658 | AH32: ='Compare w prev (colored)'!AH32 -> 98.513436 | AI32: ='Compare w prev (colored)'!AI32 -> 99.230989 | AJ32: ='Compare w prev (colored)'!AJ32 -> 98.484848 | AL32: ='Compare w prev (colored)'!AL32 -> 97.741567 | AM32: ='Compare w prev (colored)'!AM32 -> 98.513436 | AO32: ='Compare w prev (colored)'!AO32 -> 98.427673 | AP32: ='Compare w prev (colored)'!AP32 -> 99.142367 | AQ32: ='Compare w prev (colored)'!AQ32 -> 99.342481 | AR32: ='Compare w prev (colored)'!AR32 -> 98.542024 | AS32: ='Compare w prev (colored)'!AS32 -> 98.513436
A33: PS | C33: ='Compare w prev (colored)'!C33 -> 15.120787 | D33: ='Compare w prev (colored)'!D33 -> 17.599165 | E33: ='Compare w prev (colored)'!E33 -> 27.825828 | F33: ='Compare w prev (colored)'!F33 -> 29.427378 | G33: ='Compare w prev (colored)'!G33 -> 33.01521 | H33: ='Compare w prev (colored)'!H33 -> 32.400835 | I33: ='Compare w prev (colored)'!I33 -> 33.16433 | J33: ='Compare w prev (colored)'!J33 -> 35.401133 | ... M33: ='Compare w prev (colored)'!M33 -> 6.6507605 | O33: ='Compare w prev (colored)'!O33 -> 16.224277 | Q33: ='Compare w prev (colored)'!Q33 -> 5.4279749 | S33: ='Compare w prev (colored)'!S33 -> 18.240382 | T33: ='Compare w prev (colored)'!T33 -> 14.524307 | W33: ='Compare w prev (colored)'!W33 -> 13.748882 | X33: ='Compare w prev (colored)'!X33 -> 17.751268 | Z33: ='Compare w prev (colored)'!Z33 -> 4.9209663 | AB33: ='Compare w prev (colored)'!AB33 -> 15.5085 | AD33: ='Compare w prev (colored)'!AD33 -> 11.691023 | AF33: ='Compare w prev (colored)'!AF33 -> 14.315538 | AG33: ='Compare w prev (colored)'!AG33 -> 7.5514465 | AH33: ='Compare w prev (colored)'!AH33 -> 14.25589 | AI33: ='Compare w prev (colored)'!AI33 -> 11.691023 | AJ33: ='Compare w prev (colored)'!AJ33 -> 15.090963 | AL33: ='Compare w prev (colored)'!AL33 -> 3.0122279 | AM33: ='Compare w prev (colored)'!AM33 -> 13.122577 | AO33: ='Compare w prev (colored)'!AO33 -> 11.541903 | AP33: ='Compare w prev (colored)'!AP33 -> 32.180137 | AQ33: ='Compare w prev (colored)'!AQ33 -> 33.074858 | AR33: ='Compare w prev (colored)'!AR33 -> 24.658515 | AS33: ='Compare w prev (colored)'!AS33 -> 23.799582
A34: RS | C34: ='Compare w prev (colored)'!C34 -> 80.263158 | D34: ='Compare w prev (colored)'!D34 -> 86.184211 | E34: ='Compare w prev (colored)'!E34 -> 90.789474 | F34: ='Compare w prev (colored)'!F34 -> 93.026316 | G34: ='Compare w prev (colored)'!G34 -> 90.131579 | H34: ='Compare w prev (colored)'!H34 -> 91.381579 | I34: ='Compare w prev (colored)'!I34 -> 91.447368 | J34: ='Compare w prev (colored)'!J34 -> 90.789474 | ... M34: ='Compare w prev (colored)'!M34 -> 78.947368 | O34: ='Compare w prev (colored)'!O34 -> 81.578947 | Q34: ='Compare w prev (colored)'!Q34 -> 86.842105 | S34: ='Compare w prev (colored)'!S34 -> 82.631579 | T34: ='Compare w prev (colored)'!T34 -> 89.473684 | W34: ='Compare w prev (colored)'!W34 -> 84.210526 | X34: ='Compare w prev (colored)'!X34 -> 90.789474 | Z34: ='Compare w prev (colored)'!Z34 -> 94.078947 | AB34: ='Compare w prev (colored)'!AB34 -> 91.447368 | AD34: ='Compare w prev (colored)'!AD34 -> 84.868421 | AF34: ='Compare w prev (colored)'!AF34 -> 85.526316 | AG34: ='Compare w prev (colored)'!AG34 -> 81.578947 | AH34: ='Compare w prev (colored)'!AH34 -> 87.5 | AI34: ='Compare w prev (colored)'!AI34 -> 84.210526 | AJ34: ='Compare w prev (colored)'!AJ34 -> 85.526316 | AL34: ='Compare w prev (colored)'!AL34 -> 76.973684 | AM34: ='Compare w prev (colored)'!AM34 -> 86.842105 | AO34: ='Compare w prev (colored)'!AO34 -> 81.578947 | AP34: ='Compare w prev (colored)'!AP34 -> 90.789474 | AQ34: ='Compare w prev (colored)'!AQ34 -> 91.447368 | AR34: ='Compare w prev (colored)'!AR34 -> 91.447368 | AS34: ='Compare w prev (colored)'!AS34 -> 90.789474
A35: SWJ | C35: ='Compare w prev (colored)'!C35 -> 20 | D35: ='Compare w prev (colored)'!D35 -> 46.666667 | E35: ='Compare w prev (colored)'!E35 -> 46.666667 | F35: ='Compare w prev (colored)'!F35 -> 44 | G35: ='Compare w prev (colored)'!G35 -> 40 | H35: ='Compare w prev (colored)'!H35 -> 40 | I35: ='Compare w prev (colored)'!I35 -> 40 | J35: ='Compare w prev (colored)'!J35 -> 60 | ... M35: ='Compare w prev (colored)'!M35 -> 53.333333 | O35: ='Compare w prev (colored)'!O35 -> 73.333333 | Q35: ='Compare w prev (colored)'!Q35 -> 66.666667 | S35: ='Compare w prev (colored)'!S35 -> 53.333333 | T35: ='Compare w prev (colored)'!T35 -> 66.666667 | W35: ='Compare w prev (colored)'!W35 -> 80 | X35: ='Compare w prev (colored)'!X35 -> 46.666667 | Z35: ='Compare w prev (colored)'!Z35 -> 73.333333 | AB35: ='Compare w prev (colored)'!AB35 -> 73.333333 | AD35: ='Compare w prev (colored)'!AD35 -> 66.666667 | AF35: ='Compare w prev (colored)'!AF35 -> 66.666667 | AG35: ='Compare w prev (colored)'!AG35 -> 53.333333 | AH35: ='Compare w prev (colored)'!AH35 -> 80 | AI35: ='Compare w prev (colored)'!AI35 -> 60 | AJ35: ='Compare w prev (colored)'!AJ35 -> 86.666667 | AL35: ='Compare w prev (colored)'!AL35 -> 33.333333 | AM35: ='Compare w prev (colored)'!AM35 -> 73.333333 | AO35: ='Compare w prev (colored)'!AO35 -> 73.333333 | AP35: ='Compare w prev (colored)'!AP35 -> 53.333333 | AQ35: ='Compare w prev (colored)'!AQ35 -> 60 | AR35: ='Compare w prev (colored)'!AR35 -> 73.333333 | AS35: ='Compare w prev (colored)'!AS35 -> 73.333333
A36: report <= ours | B36: ='Compare w prev (colored)'!B36 -> 8 | D36: ='Compare w prev (colored)'!D36 -> 23 | F36: ='Compare w prev (colored)'!F36 -> 15 | H36: ='Compare w prev (colored)'!H36 -> 28 | J36: ='Compare w prev (colored)'!J36 -> 21 | L36: ='Compare w prev (colored)'!L36 -> 21 | N36: ='Compare w prev (colored)'!N36 -> 7 | P36: ='Compare w prev (colored)'!P36 -> 6 | R36: ='Compare w prev (colored)'!R36 -> 8 | S36: ='Compare w prev (colored)'!S36 -> 27 | U36: ='Compare w prev (colored)'!U36 -> 4 | V36: ='Compare w prev (colored)'!V36 -> 8 | X36: ='Compare w prev (colored)'!X36 -> 19 | Y36: ='Compare w prev (colored)'!Y36 -> 3 | AA36: ='Compare w prev (colored)'!AA36 -> 4 | AC36: ='Compare w prev (colored)'!AC36 -> 6 | AE36: ='Compare w prev (colored)'!AE36 -> 9 | AG36: ='Compare w prev (colored)'!AG36 -> 28 | AI36: ='Compare w prev (colored)'!AI36 -> 18 | AK36: ='Compare w prev (colored)'!AK36 -> 6 | AL36: ='Compare w prev (colored)'!AL36 -> 29 | AN36: ='Compare w prev (colored)'!AN36 -> 10 | AP36: ='Compare w prev (colored)'!AP36 -> 18 | AR36: ='Compare w prev (colored)'!AR36 -> 17
A37: report >= ours | B37: ='Compare w prev (colored)'!B37 -> 6 | D37: ='Compare w prev (colored)'!D37 -> 12 | F37: ='Compare w prev (colored)'!F37 -> 12 | H37: ='Compare w prev (colored)'!H37 -> 10 | J37: ='Compare w prev (colored)'!J37 -> 15 | L37: ='Compare w prev (colored)'!L37 -> 11 | N37: ='Compare w prev (colored)'!N37 -> 3 | P37: ='Compare w prev (colored)'!P37 -> 4 | R37: ='Compare w prev (colored)'!R37 -> 2 | S37: ='Compare w prev (colored)'!S37 -> 4 | U37: ='Compare w prev (colored)'!U37 -> 6 | V37: ='Compare w prev (colored)'!V37 -> 2 | X37: ='Compare w prev (colored)'!X37 -> 8 | Y37: ='Compare w prev (colored)'!Y37 -> 1 | AA37: ='Compare w prev (colored)'!AA37 -> 6 | AC37: ='Compare w prev (colored)'!AC37 -> 4 | AE37: ='Compare w prev (colored)'!AE37 -> 1 | AG37: ='Compare w prev (colored)'!AG37 -> 3 | AI37: ='Compare w prev (colored)'!AI37 -> 12 | AK37: ='Compare w prev (colored)'!AK37 -> 4 | AL37: ='Compare w prev (colored)'!AL37 -> 2 | AN37: ='Compare w prev (colored)'!AN37 -> 0 | AP37: ='Compare w prev (colored)'!AP37 -> 17 | AR37: ='Compare w prev (colored)'!AR37 -> 16
A38: acc. difference | B38: ='Compare w prev (colored)'!B38 -> 3.3852694 | D38: ='Compare w prev (colored)'!D38 -> 2.0559779 | F38: ='Compare w prev (colored)'!F38 -> 0.22388484 | H38: ='Compare w prev (colored)'!H38 -> 3.3201416 | J38: ='Compare w prev (colored)'!J38 -> 0.74673128 | L38: ='Compare w prev (colored)'!L38 -> 1.2373938 | N38: ='Compare w prev (colored)'!N38 -> 2.3383544 | P38: ='Compare w prev (colored)'!P38 -> -1.2983726 | R38: ='Compare w prev (colored)'!R38 -> 1.5928077 | S38: ='Compare w prev (colored)'!S38 -> 9.0140008 | U38: ='Compare w prev (colored)'!U38 -> -0.76051065 | V38: ='Compare w prev (colored)'!V38 -> 0.83530567 | X38: ='Compare w prev (colored)'!X38 -> 2.1605734 | Y38: ='Compare w prev (colored)'!Y38 -> 21.330072 | AA38: ='Compare w prev (colored)'!AA38 -> -0.34084485 | AC38: ='Compare w prev (colored)'!AC38 -> 0.87918586 | AE38: ='Compare w prev (colored)'!AE38 -> 3.305399 | AG38: ='Compare w prev (colored)'!AG38 -> 9.0104483 | AI38: ='Compare w prev (colored)'!AI38 -> 5.2617219 | AK38: ='Compare w prev (colored)'!AK38 -> 0.32950804 | AL38: ='Compare w prev (colored)'!AL38 -> 15.617 | AN38: ='Compare w prev (colored)'!AN38 -> 3.5979595 | AP38: ='Compare w prev (colored)'!AP38 -> 0.27815927 | AR38: ='Compare w prev (colored)'!AR38 -> 0.080194679

Sheet Compare w prev (ordered)
A3: Purpose | B3: ='Compare w prev'!B3 -> Distance | D3: ='Compare w prev'!D3 -> TSC | F3: ='Compare w prev'!F3 -> TSC | H3: ='Compare w prev'!H3 -> TSC | J3: ='Compare w prev'!J3 -> TSC | L3: ='Compare w prev'!AP3 -> TSC | N3: ='Compare w prev'!AR3 -> TSC | P3: ='Compare w prev'!R3 -> Foundation | S3: ='Compare w prev'!U3 -> Foundation | V3: ='Compare w prev'!X3 -> Foundation | Y3: ='Compare w prev'!AA3 -> Foundation | AA3: ='Compare w prev'!AK3 -> Foundation | AD3: ='Compare w prev'!L3 -> TSF | AF3: ='Compare w prev'!N3 -> TSF | AH3: ='Compare w prev'!P3 -> TSF | AJ3: ='Compare w prev'!AC3 -> TSF | AL3: ='Compare w prev'!AE3 -> TSF | AN3: ='Compare w prev'!AG3 -> TSF | AP3: ='Compare w prev'!AI3 -> TSF | AR3: ='Compare w prev'!AN3 -> TSF
A4: Model | B4: ='Compare w prev'!B4 -> DTW_D | D4: ='Compare w prev'!D4 -> ROCKET | F4: ='Compare w prev'!F4 -> HC2 | H4: ='Compare w prev'!H4 -> Hydra | J4: ='Compare w prev'!J4 -> MR+Hydra | L4: ='Compare w prev'!AP4 -> InterpGN | N4: ='Compare w prev'!AR4 -> TSCMamba | P4: ='Compare w prev'!R4 -> TimesNet | S4: ='Compare w prev'!U4 -> ModernTCN | V4: ='Compare w prev'!X4 -> TSLANet | Y4: ='Compare w prev'!AA4 -> TimeMixer++ | AA4: ='Compare w prev'!AK4 -> GPT4TS | AD4: ='Compare w prev'!L4 -> DLinear | AF4: ='Compare w prev'!N4 -> LightTS | AH4: ='Compare w prev'!P4 -> MTS-Mixer | AJ4: ='Compare w prev'!AC4 -> FEDformer | AL4: ='Compare w prev'!AE4 -> ETSformer | AN4: ='Compare w prev'!AG4 -> Crossformer | AP4: ='Compare w prev'!AI4 -> PatchTST | AR4: ='Compare w prev'!AN4 -> iTransformer
A5: Reference | B5: ='Compare w prev'!B5 -> TimesNet | C5: ='Compare w prev'!C5 -> ours | D5: ='Compare w prev'!D5 -> TimesNet TSLANet TSCMamba | E5: ='Compare w prev'!E5 -> ours | F5: ='Compare w prev'!F5 -> original | G5: ='Compare w prev'!G5 -> ours | H5: ='Compare w prev'!H5 -> BORF | I5: ='Compare w prev'!I5 -> ours | ... K5: ='Compare w prev'!K5 -> ours | L5: ='Compare w prev'!AP5 -> original | M5: ='Compare w prev'!AQ5 -> ours | N5: ='Compare w prev'!AR5 -> original | O5: ='Compare w prev'!AS5 -> ours | P5: ='Compare w prev'!R5 -> original | Q5: ='Compare w prev'!S5 -> TSLANet TSCMamba | R5: ='Compare w prev'!T5 -> ours | S5: ='Compare w prev'!U5 -> original | T5: ='Compare w prev'!V5 -> revisited | U5: ='Compare w prev'!W5 -> ours | V5: ='Compare w prev'!X5 -> original | W5: ='Compare w prev'!Y5 -> TSCMamba | ... Z5: ='Compare w prev'!AB5 -> ours | AA5: ='Compare w prev'!AK5 -> original | AB5: ='Compare w prev'!AL5 -> TSLANet TSCMamba | AC5: ='Compare w prev'!AM5 -> ours | AD5: ='Compare w prev'!L5 -> TimesNet TSLANet TSCMamba | AE5: ='Compare w prev'!M5 -> ours | AF5: ='Compare w prev'!N5 -> TimesNet | AG5: ='Compare w prev'!O5 -> ours | AH5: ='Compare w prev'!P5 -> ModernTCN | AI5: ='Compare w prev'!Q5 -> ours | AJ5: ='Compare w prev'!AC5 -> TimesNet | AK5: ='Compare w prev'!AD5 -> ours | AL5: ='Compare w prev'!AE5 -> TimesNet | AM5: ='Compare w prev'!AF5 -> ours | AN5: ='Compare w prev'!AG5 -> ModernTCN TSLANet TSCMamba | AO5: ='Compare w prev'!AH5 -> ours | AP5: ='Compare w prev'!AI5 -> ModernTCN TSLANet TSCMamba | AQ5: ='Compare w prev'!AJ5 -> ours | AR5: ='Compare w prev'!AN5 -> TimeMixer++ | AS5: ='Compare w prev'!AO5 -> ours
A6: EC | B6: ='Compare w prev'!B6 -> 32.281369 | C6: ='Compare w prev'!C6 -> 32.319392 | D6: ='Compare w prev'!D6 -> 45.209125 | E6: ='Compare w prev'!E6 -> 44.486692 | F6: ='Compare w prev'!F6 -> 79.087452 | G6: ='Compare w prev'!G6 -> 52.851711 | H6: ='Compare w prev'!H6 -> 54.790875 | I6: ='Compare w prev'!I6 -> 54.372624 | ... K6: ='Compare w prev'!K6 -> 60.076046 | L6: ='Compare w prev'!AP6 -> 30.418251 | M6: ='Compare w prev'!AQ6 -> 28.897338 | N6: ='Compare w prev'!AR6 -> 62.015209 | O6: ='Compare w prev'!AS6 -> 30.798479 | P6: ='Compare w prev'!R6 -> 35.703422 | Q6: ='Compare w prev'!S6 -> 27.718631 | R6: ='Compare w prev'!T6 -> 33.460076 | S6: ='Compare w prev'!U6 -> 36.311787 | T6: ='Compare w prev'!V6 -> 31.901141 | U6: ='Compare w prev'!W6 -> 32.319392 | V6: ='Compare w prev'!X6 -> 30.418251 | X6: ='Compare w prev'!Z6 -> 31.939163 | Y6: ='Compare w prev'!AA6 -> 39.885932 | Z6: ='Compare w prev'!AB6 -> 34.60076 | AA6: ='Compare w prev'!AK6 -> 34.18251 | AB6: ='Compare w prev'!AL6 -> 25.475285 | AC6: ='Compare w prev'!AM6 -> 32.319392 | AD6: ='Compare w prev'!L6 -> 33.460076 | AE6: ='Compare w prev'!M6 -> 31.178707 | AF6: ='Compare w prev'!N6 -> 29.695817 | AG6: ='Compare w prev'!O6 -> 32.319392 | AH6: ='Compare w prev'!P6 -> 33.802281 | AI6: ='Compare w prev'!Q6 -> 30.798479 | AJ6: ='Compare w prev'!AC6 -> 31.21673 | AK6: ='Compare w prev'!AD6 -> 33.840304 | AL6: ='Compare w prev'!AE6 -> 28.098859 | AM6: ='Compare w prev'!AF6 -> 33.079848 | AN6: ='Compare w prev'!AG6 -> 37.984791 | AO6: ='Compare w prev'!AH6 -> 43.346008 | AP6: ='Compare w prev'!AI6 -> 32.813688 | AQ6: ='Compare w prev'!AJ6 -> 32.69962 | AR6: ='Compare w prev'!AN6 -> 28.098859 | AS6: ='Compare w prev'!AO6 -> 31.939163
A7: FD | B7: ='Compare w prev'!B7 -> 52.900114 | C7: ='Compare w prev'!C7 -> 52.866061 | D7: ='Compare w prev'!D7 -> 64.699205 | E7: ='Compare w prev'!E7 -> 61.606129 | F7: ='Compare w prev'!F7 -> 71.3479 | G7: ='Compare w prev'!G7 -> 61.379115 | H7: ='Compare w prev'!H7 -> 52.301362 | I7: ='Compare w prev'!I7 -> 60.981839 | ... K7: ='Compare w prev'!K7 -> 61.293984 | L7: ='Compare w prev'!AP7 -> 66.401816 | M7: ='Compare w prev'!AQ7 -> 63.791146 | N7: ='Compare w prev'!AR7 -> 69.401249 | O7: ='Compare w prev'!AS7 -> 70.204313 | P7: ='Compare w prev'!R7 -> 68.601022 | Q7: ='Compare w prev'!S7 -> 67.468785 | R7: ='Compare w prev'!T7 -> 70.14756 | S7: ='Compare w prev'!U7 -> 70.800227 | T7: ='Compare w prev'!V7 -> 68.700341 | U7: ='Compare w prev'!W7 -> 66.99773 | V7: ='Compare w prev'!X7 -> 66.770715 | X7: ='Compare w prev'!Z7 -> 66.969353 | Y7: ='Compare w prev'!AA7 -> 71.799092 | Z7: ='Compare w prev'!AB7 -> 69.665153 | AA7: ='Compare w prev'!AK7 -> 69.199773 | AB7: ='Compare w prev'!AL7 -> 65.578888 | AC7: ='Compare w prev'!AM7 -> 68.61521 | AD7: ='Compare w prev'!L7 -> 67.999432 | AE7: ='Compare w prev'!M7 -> 69.494892 | AF7: ='Compare w prev'!N7 -> 67.5 | AG7: ='Compare w prev'!O7 -> 68.473326 | AH7: ='Compare w prev'!P7 -> 70.198638 | AI7: ='Compare w prev'!Q7 -> 68.530079 | AJ7: ='Compare w prev'!AC7 -> 65.998865 | AK7: ='Compare w prev'!AD7 -> 69.892168 | AL7: ='Compare w prev'!AE7 -> 66.299659 | AM7: ='Compare w prev'!AF7 -> 68.331442 | AN7: ='Compare w prev'!AG7 -> 68.700341 | AO7: ='Compare w prev'!AH7 -> 69.636776 | AP7: ='Compare w prev'!AI7 -> 68.961407 | AQ7: ='Compare w prev'!AJ7 -> 68.07605 | AR7: ='Compare w prev'!AN7 -> 66.299659 | AS7: ='Compare w prev'!AO7 -> 68.416572
A8: HW | B8: ='Compare w prev'!B8 -> 28.6 | C8: ='Compare w prev'!C8 -> 60.705882 | D8: ='Compare w prev'!D8 -> 58.8 | E8: ='Compare w prev'!E8 -> 59.294118 | F8: ='Compare w prev'!F8 -> 56.341176 | G8: ='Compare w prev'!G8 -> 56 | H8: ='Compare w prev'!H8 -> 46.6 | I8: ='Compare w prev'!I8 -> 56.352941 | ... K8: ='Compare w prev'!K8 -> 53.529412 | L8: ='Compare w prev'!AP8 -> 61.882353 | M8: ='Compare w prev'!AQ8 -> 58.705882 | N8: ='Compare w prev'!AR8 -> 53.305882 | O8: ='Compare w prev'!AS8 -> 45.058824 | P8: ='Compare w prev'!R8 -> 32.105882 | Q8: ='Compare w prev'!S8 -> 26.176471 | R8: ='Compare w prev'!T8 -> 37.529412 | S8: ='Compare w prev'!U8 -> 30.6 | T8: ='Compare w prev'!V8 -> 28.4 | U8: ='Compare w prev'!W8 -> 30.117647 | V8: ='Compare w prev'!X8 -> 57.882353 | X8: ='Compare w prev'!Z8 -> 62 | Y8: ='Compare w prev'!AA8 -> 26.505882 | Z8: ='Compare w prev'!AB8 -> 33.647059 | AA8: ='Compare w prev'!AK8 -> 32.705882 | AB8: ='Compare w prev'!AL8 -> 3.7647059 | AC8: ='Compare w prev'!AM8 -> 34.117647 | AD8: ='Compare w prev'!L8 -> 27 | AE8: ='Compare w prev'!M8 -> 23.764706 | AF8: ='Compare w prev'!N8 -> 26.105882 | AG8: ='Compare w prev'!O8 -> 25.058824 | AH8: ='Compare w prev'!P8 -> 26 | AI8: ='Compare w prev'!Q8 -> 19.647059 | AJ8: ='Compare w prev'!AC8 -> 28 | AK8: ='Compare w prev'!AD8 -> 33.411765 | AL8: ='Compare w prev'!AE8 -> 32.505882 | AM8: ='Compare w prev'!AF8 -> 35.647059 | AN8: ='Compare w prev'!AG8 -> 28.8 | AO8: ='Compare w prev'!AH8 -> 30.352941 | AP8: ='Compare w prev'!AI8 -> 29.6 | AQ8: ='Compare w prev'!AJ8 -> 29.529412 | AR8: ='Compare w prev'!AN8 -> 24.2 | AS8: ='Compare w prev'!AO8 -> 31.294118
A9: HB | B9: ='Compare w prev'!B9 -> 71.707317 | C9: ='Compare w prev'!C9 -> 71.707317 | D9: ='Compare w prev'!D9 -> 75.609756 | E9: ='Compare w prev'!E9 -> 75.609756 | F9: ='Compare w prev'!F9 -> 72.878049 | G9: ='Compare w prev'!G9 -> 78.536585 | H9: ='Compare w prev'!H9 -> 76.097561 | I9: ='Compare w prev'!I9 -> 76.585366 | ... K9: ='Compare w prev'!K9 -> 77.073171 | L9: ='Compare w prev'!AP9 -> 79.512195 | M9: ='Compare w prev'!AQ9 -> 80.487805 | N9: ='Compare w prev'!AR9 -> 76.585366 | O9: ='Compare w prev'!AS9 -> 78.536585 | P9: ='Compare w prev'!R9 -> 78 | Q9: ='Compare w prev'!S9 -> 74.487805 | R9: ='Compare w prev'!T9 -> 83.902439 | S9: ='Compare w prev'!U9 -> 77.219512 | T9: ='Compare w prev'!V9 -> 77.121951 | U9: ='Compare w prev'!W9 -> 78.04878 | V9: ='Compare w prev'!X9 -> 77.560976 | X9: ='Compare w prev'!Z9 -> 79.512195 | Y9: ='Compare w prev'!AA9 -> 79.121951 | Z9: ='Compare w prev'!AB9 -> 80.487805 | AA9: ='Compare w prev'!AK9 -> 77.219512 | AB9: ='Compare w prev'!AL9 -> 36.585366 | AC9: ='Compare w prev'!AM9 -> 79.02439 | AD9: ='Compare w prev'!L9 -> 75.121951 | AE9: ='Compare w prev'!M9 -> 76.585366 | AF9: ='Compare w prev'!N9 -> 75.121951 | AG9: ='Compare w prev'!O9 -> 77.560976 | AH9: ='Compare w prev'!P9 -> 77.121951 | AI9: ='Compare w prev'!Q9 -> 79.02439 | AJ9: ='Compare w prev'!AC9 -> 73.707317 | AK9: ='Compare w prev'!AD9 -> 78.04878 | AL9: ='Compare w prev'!AE9 -> 71.219512 | AM9: ='Compare w prev'!AF9 -> 78.536585 | AN9: ='Compare w prev'!AG9 -> 77.609756 | AO9: ='Compare w prev'!AH9 -> 79.02439 | AP9: ='Compare w prev'!AI9 -> 76.585366 | AQ9: ='Compare w prev'!AJ9 -> 73.658537 | AR9: ='Compare w prev'!AN9 -> 75.609756 | AS9: ='Compare w prev'!AO9 -> 78.04878
A10: JV | B10: ='Compare w prev'!B10 -> 94.891892 | C10: ='Compare w prev'!C10 -> 95.945946 | D10: ='Compare w prev'!D10 -> 96.189189 | E10: ='Compare w prev'!E10 -> 83.783784 | G10: ='Compare w prev'!G10 -> 98.378378 | H10: ='Compare w prev'!H10 -> 97.810811 | I10: ='Compare w prev'!I10 -> 97.837838 | J10: ='Compare w prev'!J10 -> 97.810811 | K10: ='Compare w prev'!K10 -> 98.378378 | L10: ='Compare w prev'!AP10 -> 99.189189 | M10: ='Compare w prev'!AQ10 -> 99.72973 | N10: ='Compare w prev'!AR10 -> 97 | O10: ='Compare w prev'!AS10 -> 98.378378 | P10: ='Compare w prev'!R10 -> 98.405405 | Q10: ='Compare w prev'!S10 -> 97.837838 | R10: ='Compare w prev'!T10 -> 98.648649 | S10: ='Compare w prev'!U10 -> 98.810811 | T10: ='Compare w prev'!V10 -> 98.108108 | U10: ='Compare w prev'!W10 -> 98.648649 | V10: ='Compare w prev'!X10 -> 99.189189 | X10: ='Compare w prev'!Z10 -> 98.918919 | Y10: ='Compare w prev'!AA10 -> 97.891892 | Z10: ='Compare w prev'!AB10 -> 99.189189 | AA10: ='Compare w prev'!AK10 -> 98.594595 | AB10: ='Compare w prev'!AL10 -> 98.108108 | AC10: ='Compare w prev'!AM10 -> 98.108108 | AD10: ='Compare w prev'!L10 -> 97.837838 | AE10: ='Compare w prev'!M10 -> 96.486486 | AF10: ='Compare w prev'!N10 -> 96.189189 | AG10: ='Compare w prev'!O10 -> 96.756757 | AH10: ='Compare w prev'!P10 -> 94.297297 | AI10: ='Compare w prev'!Q10 -> 95.945946 | AJ10: ='Compare w prev'!AC10 -> 98.405405 | AK10: ='Compare w prev'!AD10 -> 97.567568 | AL10: ='Compare w prev'!AE10 -> 95.891892 | AM10: ='Compare w prev'!AF10 -> 98.378378 | AN10: ='Compare w prev'!AG10 -> 99.108108 | AO10: ='Compare w prev'!AH10 -> 98.378378 | AP10: ='Compare w prev'!AI10 -> 98.648649 | AQ10: ='Compare w prev'!AJ10 -> 97.027027 | AR10: ='Compare w prev'!AN10 -> 96.594595 | AS10: ='Compare w prev'!AO10 -> 98.108108
A11: PEMS | B11: ='Compare w prev'!B11 -> 71.098266 | C11: ='Compare w prev'!C11 -> 71.098266 | D11: ='Compare w prev'!D11 -> 75.086705 | E11: ='Compare w prev'!E11 -> 84.393064 | F11: ='Compare w prev'!F11 -> 99.82659 | G11: ='Compare w prev'!G11 -> 97.687861 | H11: ='Compare w prev'!H11 -> 80.289017 | I11: ='Compare w prev'!I11 -> 98.265896 | ... K11: ='Compare w prev'!K11 -> 82.65896 | L11: ='Compare w prev'!AP11 -> 88.439306 | M11: ='Compare w prev'!AQ11 -> 86.127168 | N11: ='Compare w prev'!AR11 -> 90.17341 | O11: ='Compare w prev'!AS11 -> 90.17341 | P11: ='Compare w prev'!R11 -> 89.595376 | Q11: ='Compare w prev'!S11 -> 88.150289 | R11: ='Compare w prev'!T11 -> 87.861272 | S11: ='Compare w prev'!U11 -> 89.075145 | T11: ='Compare w prev'!V11 -> 83.179191 | U11: ='Compare w prev'!W11 -> 86.705202 | V11: ='Compare w prev'!X11 -> 83.815029 | X11: ='Compare w prev'!Z11 -> 89.017341 | Y11: ='Compare w prev'!AA11 -> 90.982659 | Z11: ='Compare w prev'!AB11 -> 89.017341 | AA11: ='Compare w prev'!AK11 -> 87.919075 | AB11: ='Compare w prev'!AL11 -> 87.283237 | AC11: ='Compare w prev'!AM11 -> 88.439306 | AD11: ='Compare w prev'!L11 -> 82.080925 | AE11: ='Compare w prev'!M11 -> 82.65896 | AF11: ='Compare w prev'!N11 -> 88.381503 | AG11: ='Compare w prev'!O11 -> 87.861272 | AH11: ='Compare w prev'!P11 -> 80.924855 | AI11: ='Compare w prev'!Q11 -> 82.080925 | AJ11: ='Compare w prev'!AC11 -> 80.924855 | AK11: ='Compare w prev'!AD11 -> 89.017341 | AL11: ='Compare w prev'!AE11 -> 86.011561 | AM11: ='Compare w prev'!AF11 -> 87.861272 | AN11: ='Compare w prev'!AG11 -> 85.895954 | AO11: ='Compare w prev'!AH11 -> 89.595376 | AP11: ='Compare w prev'!AI11 -> 89.306358 | AQ11: ='Compare w prev'!AJ11 -> 89.017341 | AR11: ='Compare w prev'!AN11 -> 87.919075 | AS11: ='Compare w prev'!AO11 -> 91.32948
A12: SRS1 | B12: ='Compare w prev'!B12 -> 77.713311 | C12: ='Compare w prev'!C12 -> 77.474403 | D12: ='Compare w prev'!D12 -> 90.784983 | E12: ='Compare w prev'!E12 -> 85.665529 | F12: ='Compare w prev'!F12 -> 87.883959 | G12: ='Compare w prev'!G12 -> 89.078498 | H12: ='Compare w prev'!H12 -> 86.68942 | I12: ='Compare w prev'!I12 -> 86.68942 | ... K12: ='Compare w prev'!K12 -> 94.880546 | L12: ='Compare w prev'!AP12 -> 92.491468 | M12: ='Compare w prev'!AQ12 -> 90.443686 | N12: ='Compare w prev'!AR12 -> 92.491468 | O12: ='Compare w prev'!AS12 -> 92.832765 | P12: ='Compare w prev'!R12 -> 91.808874 | Q12: ='Compare w prev'!S12 -> 77.440273 | R12: ='Compare w prev'!T12 -> 92.150171 | S12: ='Compare w prev'!U12 -> 93.412969 | T12: ='Compare w prev'!V12 -> 92.798635 | U12: ='Compare w prev'!W12 -> 93.515358 | V12: ='Compare w prev'!X12 -> 91.808874 | X12: ='Compare w prev'!Z12 -> 89.761092 | Y12: ='Compare w prev'!AA12 -> 93.105802 | Z12: ='Compare w prev'!AB12 -> 92.150171 | AA12: ='Compare w prev'!AK12 -> 93.208191 | AB12: ='Compare w prev'!AL12 -> 91.467577 | AC12: ='Compare w prev'!AM12 -> 93.174061 | AD12: ='Compare w prev'!L12 -> 88.395904 | AE12: ='Compare w prev'!M12 -> 92.832765 | AF12: ='Compare w prev'!N12 -> 89.795222 | AG12: ='Compare w prev'!O12 -> 92.832765 | AH12: ='Compare w prev'!P12 -> 91.706485 | AI12: ='Compare w prev'!Q12 -> 78.83959 | AJ12: ='Compare w prev'!AC12 -> 88.703072 | AK12: ='Compare w prev'!AD12 -> 75.085324 | AL12: ='Compare w prev'!AE12 -> 89.590444 | AM12: ='Compare w prev'!AF12 -> 92.150171 | AN12: ='Compare w prev'!AG12 -> 92.491468 | AO12: ='Compare w prev'!AH12 -> 93.856655 | AP12: ='Compare w prev'!AI12 -> 90.716724 | AQ12: ='Compare w prev'!AJ12 -> 89.078498 | AR12: ='Compare w prev'!AN12 -> 90.204778 | AS12: ='Compare w prev'!AO12 -> 93.856655
A13: SRS2 | B13: ='Compare w prev'!B13 -> 53.888889 | C13: ='Compare w prev'!C13 -> 53.888889 | D13: ='Compare w prev'!D13 -> 54.444444 | E13: ='Compare w prev'!E13 -> 55.555556 | F13: ='Compare w prev'!F13 -> 50.444444 | G13: ='Compare w prev'!G13 -> 54.444444 | H13: ='Compare w prev'!H13 -> 58.888889 | I13: ='Compare w prev'!I13 -> 58.888889 | ... K13: ='Compare w prev'!K13 -> 55 | L13: ='Compare w prev'!AP13 -> 57.777778 | M13: ='Compare w prev'!AQ13 -> 58.333333 | N13: ='Compare w prev'!AR13 -> 66.722222 | O13: ='Compare w prev'!AS13 -> 62.222222 | P13: ='Compare w prev'!R13 -> 57.222222 | Q13: ='Compare w prev'!S13 -> 52.833333 | R13: ='Compare w prev'!T13 -> 60 | S13: ='Compare w prev'!U13 -> 60.277778 | T13: ='Compare w prev'!V13 -> 61.722222 | U13: ='Compare w prev'!W13 -> 60 | V13: ='Compare w prev'!X13 -> 61.666667 | X13: ='Compare w prev'!Z13 -> 63.888889 | Y13: ='Compare w prev'!AA13 -> 65.611111 | Z13: ='Compare w prev'!AB13 -> 60.555556 | AA13: ='Compare w prev'!AK13 -> 59.388889 | AB13: ='Compare w prev'!AL13 -> 51.666667 | AC13: ='Compare w prev'!AM13 -> 60.555556 | AD13: ='Compare w prev'!L13 -> 51.666667 | AE13: ='Compare w prev'!M13 -> 57.222222 | AF13: ='Compare w prev'!N13 -> 51.111111 | AG13: ='Compare w prev'!O13 -> 59.444444 | AH13: ='Compare w prev'!P13 -> 55 | AI13: ='Compare w prev'!Q13 -> 58.333333 | AJ13: ='Compare w prev'!AC13 -> 54.388889 | AK13: ='Compare w prev'!AD13 -> 59.444444 | AL13: ='Compare w prev'!AE13 -> 55 | AM13: ='Compare w prev'!AF13 -> 60 | AN13: ='Compare w prev'!AG13 -> 58.277778 | AO13: ='Compare w prev'!AH13 -> 61.666667 | AP13: ='Compare w prev'!AI13 -> 57.777778 | AQ13: ='Compare w prev'!AJ13 -> 61.666667 | AR13: ='Compare w prev'!AN13 -> 54.388889 | AS13: ='Compare w prev'!AO13 -> 58.888889
A14: SAD | B14: ='Compare w prev'!B14 -> 96.298317 | C14: ='Compare w prev'!C14 -> 97.226012 | D14: ='Compare w prev'!D14 -> 99.199636 | E14: ='Compare w prev'!E14 -> 99.226921 | G14: ='Compare w prev'!G14 -> 99.135971 | H14: ='Compare w prev'!H14 -> 98.8995 | I14: ='Compare w prev'!I14 -> 99.135971 | J14: ='Compare w prev'!J14 -> 99.299682 | K14: ='Compare w prev'!K14 -> 99.04502 | L14: ='Compare w prev'!AP14 -> 99.818099 | M14: ='Compare w prev'!AQ14 -> 99.863574 | N14: ='Compare w prev'!AR14 -> 98.999545 | O14: ='Compare w prev'!AS14 -> 95.81628 | P14: ='Compare w prev'!R14 -> 98.999545 | Q14: ='Compare w prev'!S14 -> 98.358345 | R14: ='Compare w prev'!T14 -> 99.545248 | S14: ='Compare w prev'!U14 -> 98.699409 | T14: ='Compare w prev'!V14 -> 98.099136 | U14: ='Compare w prev'!W14 -> 99.499773 | V14: ='Compare w prev'!X14 -> 99.90905 | X14: ='Compare w prev'!Z14 -> 98.044566 | Y14: ='Compare w prev'!AA14 -> 99.799909 | Z14: ='Compare w prev'!AB14 -> 99.545248 | AA14: ='Compare w prev'!AK14 -> 99.199636 | AB14: ='Compare w prev'!AL14 -> 99.363347 | AC14: ='Compare w prev'!AM14 -> 99.590723 | AD14: ='Compare w prev'!L14 -> 96.680309 | AE14: ='Compare w prev'!M14 -> 96.953161 | AF14: ='Compare w prev'!N14 -> 100 | AG14: ='Compare w prev'!O14 -> 98.226467 | AH14: ='Compare w prev'!P14 -> 97.398818 | AI14: ='Compare w prev'!Q14 -> 99.454297 | AJ14: ='Compare w prev'!AC14 -> 100 | AK14: ='Compare w prev'!AD14 -> 99.454297 | AL14: ='Compare w prev'!AE14 -> 100 | AM14: ='Compare w prev'!AF14 -> 98.999545 | AN14: ='Compare w prev'!AG14 -> 97.899045 | AO14: ='Compare w prev'!AH14 -> 98.86312 | AP14: ='Compare w prev'!AI14 -> 99.681673 | AQ14: ='Compare w prev'!AJ14 -> 98.817644 | AR14: ='Compare w prev'!AN14 -> 95.998181 | AS14: ='Compare w prev'!AO14 -> 99.317872
A15: UW | B15: ='Compare w prev'!B15 -> 90.3125 | C15: ='Compare w prev'!C15 -> 90.3125 | D15: ='Compare w prev'!D15 -> 94.40625 | E15: ='Compare w prev'!E15 -> 94.0625 | F15: ='Compare w prev'!F15 -> 94.875 | G15: ='Compare w prev'!G15 -> 94.0625 | H15: ='Compare w prev'!H15 -> 90.90625 | I15: ='Compare w prev'!I15 -> 94.375 | ... K15: ='Compare w prev'!K15 -> 94.0625 | L15: ='Compare w prev'!AP15 -> 91.875 | M15: ='Compare w prev'!AQ15 -> 88.4375 | N15: ='Compare w prev'!AR15 -> 93.8125 | O15: ='Compare w prev'!AS15 -> 95.3125 | P15: ='Compare w prev'!R15 -> 85.3125 | Q15: ='Compare w prev'!S15 -> 83.125 | R15: ='Compare w prev'!T15 -> 88.4375 | S15: ='Compare w prev'!U15 -> 86.6875 | T15: ='Compare w prev'!V15 -> 85.90625 | U15: ='Compare w prev'!W15 -> 88.4375 | V15: ='Compare w prev'!X15 -> 91.25 | X15: ='Compare w prev'!Z15 -> 94.375 | Y15: ='Compare w prev'!AA15 -> 88.1875 | Z15: ='Compare w prev'!AB15 -> 90.625 | AA15: ='Compare w prev'!AK15 -> 88.09375 | AB15: ='Compare w prev'!AL15 -> 84.375 | AC15: ='Compare w prev'!AM15 -> 89.0625 | AD15: ='Compare w prev'!L15 -> 82.09375 | AE15: ='Compare w prev'!M15 -> 82.8125 | AF15: ='Compare w prev'!N15 -> 80.3125 | AG15: ='Compare w prev'!O15 -> 89.0625 | AH15: ='Compare w prev'!P15 -> 82.3125 | AI15: ='Compare w prev'!Q15 -> 83.125 | AJ15: ='Compare w prev'!AC15 -> 85.3125 | AK15: ='Compare w prev'!AD15 -> 79.6875 | AL15: ='Compare w prev'!AE15 -> 85 | AM15: ='Compare w prev'!AF15 -> 89.6875 | AN15: ='Compare w prev'!AG15 -> 85.3125 | AO15: ='Compare w prev'!AH15 -> 88.4375 | AP15: ='Compare w prev'!AI15 -> 85.8125 | AQ15: ='Compare w prev'!AJ15 -> 89.375 | AR15: ='Compare w prev'!AN15 -> 85.90625 | AS15: ='Compare w prev'!AO15 -> 90
A16: AWR | C16: ='Compare w prev'!C16 -> 98.666667 | D16: ='Compare w prev'!D16 -> 99.333333 | E16: ='Compare w prev'!E16 -> 99.333333 | F16: ='Compare w prev'!F16 -> 99.566667 | G16: ='Compare w prev'!G16 -> 99.333333 | H16: ='Compare w prev'!H16 -> 99 | I16: ='Compare w prev'!I16 -> 99.333333 | J16: ='Compare w prev'!J16 -> 99.333333 | K16: ='Compare w prev'!K16 -> 99.333333 | L16: ='Compare w prev'!AP16 -> 99.666667 | M16: ='Compare w prev'!AQ16 -> 99 | N16: ='Compare w prev'!AR16 -> 97 | O16: ='Compare w prev'!AS16 -> 99.333333 | Q16: ='Compare w prev'!S16 -> 96.166667 | R16: ='Compare w prev'!T16 -> 98.666667 | U16: ='Compare w prev'!W16 -> 98.666667 | V16: ='Compare w prev'!X16 -> 99 | X16: ='Compare w prev'!Z16 -> 99.333333 | Z16: ='Compare w prev'!AB16 -> 99 | AB16: ='Compare w prev'!AL16 -> 93.333333 | AC16: ='Compare w prev'!AM16 -> 98.666667 | AD16: ='Compare w prev'!L16 -> 97.333333 | AE16: ='Compare w prev'!M16 -> 97.666667 | AG16: ='Compare w prev'!O16 -> 98.333333 | AI16: ='Compare w prev'!Q16 -> 99 | AK16: ='Compare w prev'!AD16 -> 92.333333 | AM16: ='Compare w prev'!AF16 -> 98.666667 | AN16: ='Compare w prev'!AG16 -> 98 | AO16: ='Compare w prev'!AH16 -> 98.666667 | AP16: ='Compare w prev'!AI16 -> 97.666667 | AQ16: ='Compare w prev'!AJ16 -> 98.666667 | AS16: ='Compare w prev'!AO16 -> 99
A17: AF | C17: ='Compare w prev'!C17 -> 20 | D17: ='Compare w prev'!D17 -> 20 | E17: ='Compare w prev'!E17 -> 6.6666667 | F17: ='Compare w prev'!F17 -> 28 | G17: ='Compare w prev'!G17 -> 20 | H17: ='Compare w prev'!H17 -> 13.333333 | I17: ='Compare w prev'!I17 -> 26.666667 | J17: ='Compare w prev'!J17 -> 6.6666667 | K17: ='Compare w prev'!K17 -> 6.6666667 | L17: ='Compare w prev'!AP17 -> 33.333333 | M17: ='Compare w prev'!AQ17 -> 46.666667 | N17: ='Compare w prev'!AR17 -> 67.333333 | O17: ='Compare w prev'!AS17 -> 66.666667 | Q17: ='Compare w prev'!S17 -> 33.333333 | R17: ='Compare w prev'!T17 -> 66.666667 | U17: ='Compare w prev'!W17 -> 73.333333 | V17: ='Compare w prev'!X17 -> 40 | X17: ='Compare w prev'!Z17 -> 66.666667 | Z17: ='Compare w prev'!AB17 -> 66.666667 | AB17: ='Compare w prev'!AL17 -> 33.333333 | AC17: ='Compare w prev'!AM17 -> 66.666667 | AD17: ='Compare w prev'!L17 -> 46.666667 | AE17: ='Compare w prev'!M17 -> 53.333333 | AG17: ='Compare w prev'!O17 -> 73.333333 | AI17: ='Compare w prev'!Q17 -> 60 | AK17: ='Compare w prev'!AD17 -> 73.333333 | AM17: ='Compare w prev'!AF17 -> 80 | AN17: ='Compare w prev'!AG17 -> 46.666667 | AO17: ='Compare w prev'!AH17 -> 73.333333 | AP17: ='Compare w prev'!AI17 -> 53.333333 | AQ17: ='Compare w prev'!AJ17 -> 80 | AS17: ='Compare w prev'!AO17 -> 66.666667
A18: BM | C18: ='Compare w prev'!C18 -> 97.5 | D18: ='Compare w prev'!D18 -> 100 | E18: ='Compare w prev'!E18 -> 100 | F18: ='Compare w prev'!F18 -> 99 | G18: ='Compare w prev'!G18 -> 100 | H18: ='Compare w prev'!H18 -> 100 | I18: ='Compare w prev'!I18 -> 100 | J18: ='Compare w prev'!J18 -> 100 | K18: ='Compare w prev'!K18 -> 100 | L18: ='Compare w prev'!AP18 -> 100 | M18: ='Compare w prev'!AQ18 -> 100 | N18: ='Compare w prev'!AR18 -> 100 | O18: ='Compare w prev'!AS18 -> 100 | Q18: ='Compare w prev'!S18 -> 100 | R18: ='Compare w prev'!T18 -> 100 | U18: ='Compare w prev'!W18 -> 100 | V18: ='Compare w prev'!X18 -> 100 | X18: ='Compare w prev'!Z18 -> 100 | Z18: ='Compare w prev'!AB18 -> 100 | AB18: ='Compare w prev'!AL18 -> 92.5 | AC18: ='Compare w prev'!AM18 -> 100 | AD18: ='Compare w prev'!L18 -> 85 | AE18: ='Compare w prev'!M18 -> 87.5 | AG18: ='Compare w prev'!O18 -> 100 | AI18: ='Compare w prev'!Q18 -> 100 | AK18: ='Compare w prev'!AD18 -> 95 | AM18: ='Compare w prev'!AF18 -> 100 | AN18: ='Compare w prev'!AG18 -> 90 | AO18: ='Compare w prev'!AH18 -> 100 | AP18: ='Compare w prev'!AI18 -> 92.5 | AQ18: ='Compare w prev'!AJ18 -> 85 | AS18: ='Compare w prev'!AO18 -> 97.5
A19: CT | C19: ='Compare w prev'!C19 -> 98.816156 | D19: ='Compare w prev'!D19 -> 98.753482 | E19: ='Compare w prev'!E19 -> 99.303621 | G19: ='Compare w prev'!G19 -> 99.303621 | H19: ='Compare w prev'!H19 -> 98.600279 | I19: ='Compare w prev'!I19 -> 99.164345 | J19: ='Compare w prev'!J19 -> 99.199164 | K19: ='Compare w prev'!K19 -> 99.373259 | L19: ='Compare w prev'!AP19 -> 99.791086 | M19: ='Compare w prev'!AQ19 -> 99.791086 | N19: ='Compare w prev'!AR19 -> 98.997214 | O19: ='Compare w prev'!AS19 -> 99.512535 | Q19: ='Compare w prev'!S19 -> 97.980501 | R19: ='Compare w prev'!T19 -> 98.746518 | U19: ='Compare w prev'!W19 -> 99.303621 | W19: ='Compare w prev'!Y19 -> 98.746518 | X19: ='Compare w prev'!Z19 -> 99.164345 | Z19: ='Compare w prev'!AB19 -> 99.373259 | AB19: ='Compare w prev'!AL19 -> 98.259053 | AC19: ='Compare w prev'!AM19 -> 99.373259 | AD19: ='Compare w prev'!L19 -> 97.346797 | AE19: ='Compare w prev'!M19 -> 98.119777 | AG19: ='Compare w prev'!O19 -> 98.955432 | AI19: ='Compare w prev'!Q19 -> 97.980501 | AK19: ='Compare w prev'!AD19 -> 97.284123 | AM19: ='Compare w prev'!AF19 -> 98.467967 | AN19: ='Compare w prev'!AG19 -> 98.328691 | AO19: ='Compare w prev'!AH19 -> 98.955432 | AP19: ='Compare w prev'!AI19 -> 97.346797 | AQ19: ='Compare w prev'!AJ19 -> 98.398329 | AS19: ='Compare w prev'!AO19 -> 98.885794
A20: CR | C20: ='Compare w prev'!C20 -> 100 | D20: ='Compare w prev'!D20 -> 98.611111 | E20: ='Compare w prev'!E20 -> 100 | F20: ='Compare w prev'!F20 -> 100 | G20: ='Compare w prev'!G20 -> 100 | H20: ='Compare w prev'!H20 -> 98.611111 | I20: ='Compare w prev'!I20 -> 100 | J20: ='Compare w prev'!J20 -> 98.611111 | K20: ='Compare w prev'!K20 -> 98.611111 | L20: ='Compare w prev'!AP20 -> 100 | M20: ='Compare w prev'!AQ20 -> 100 | N20: ='Compare w prev'!AR20 -> 98.611111 | O20: ='Compare w prev'!AS20 -> 100 | Q20: ='Compare w prev'!S20 -> 87.5 | R20: ='Compare w prev'!T20 -> 97.222222 | U20: ='Compare w prev'!W20 -> 97.222222 | V20: ='Compare w prev'!X20 -> 98.611111 | X20: ='Compare w prev'!Z20 -> 91.666667 | Z20: ='Compare w prev'!AB20 -> 98.611111 | AB20: ='Compare w prev'!AL20 -> 8.3333333 | AC20: ='Compare w prev'!AM20 -> 97.222222 | AD20: ='Compare w prev'!L20 -> 91.666667 | AE20: ='Compare w prev'!M20 -> 91.666667 | AG20: ='Compare w prev'!O20 -> 93.055556 | AI20: ='Compare w prev'!Q20 -> 97.222222 | AK20: ='Compare w prev'!AD20 -> 90.277778 | AM20: ='Compare w prev'!AF20 -> 98.611111 | AN20: ='Compare w prev'!AG20 -> 84.722222 | AO20: ='Compare w prev'!AH20 -> 97.222222 | AP20: ='Compare w prev'!AI20 -> 84.722222 | AQ20: ='Compare w prev'!AJ20 -> 97.222222 | AS20: ='Compare w prev'!AO20 -> 97.222222
A21: DDG | C21: ='Compare w prev'!C21 -> 58 | D21: ='Compare w prev'!D21 -> 52 | E21: ='Compare w prev'!E21 -> 52 | F21: ='Compare w prev'!F21 -> 49.8 | G21: ='Compare w prev'!G21 -> 70 | H21: ='Compare w prev'!H21 -> 68 | I21: ='Compare w prev'!I21 -> 68 | J21: ='Compare w prev'!J21 -> 64 | K21: ='Compare w prev'!K21 -> 60 | L21: ='Compare w prev'!AP21 -> 68 | M21: ='Compare w prev'!AQ21 -> 76 | N21: ='Compare w prev'!AR21 -> 62 | O21: ='Compare w prev'!AS21 -> 50 | Q21: ='Compare w prev'!S21 -> 56 | R21: ='Compare w prev'!T21 -> 68 | U21: ='Compare w prev'!W21 -> 66 | W21: ='Compare w prev'!Y21 -> 24 | X21: ='Compare w prev'!Z21 -> 74 | Z21: ='Compare w prev'!AB21 -> 74 | AB21: ='Compare w prev'!AL21 -> 50 | AC21: ='Compare w prev'!AM21 -> 66 | AD21: ='Compare w prev'!L21 -> 62 | AE21: ='Compare w prev'!M21 -> 66 | AG21: ='Compare w prev'!O21 -> 56 | AI21: ='Compare w prev'!Q21 -> 68 | AK21: ='Compare w prev'!AD21 -> 42 | AM21: ='Compare w prev'!AF21 -> 42 | AN21: ='Compare w prev'!AG21 -> 44 | AO21: ='Compare w prev'!AH21 -> 72 | AP21: ='Compare w prev'!AI21 -> 24 | AQ21: ='Compare w prev'!AJ21 -> 40 | AS21: ='Compare w prev'!AO21 -> 60
A22: EW | C22: ='Compare w prev'!C22 -> 61.832061 | D22: ='Compare w prev'!D22 -> 78.625954 | E22: ='Compare w prev'!E22 -> 91.603053 | F22: ='Compare w prev'!F22 -> 89.465649 | G22: ='Compare w prev'!G22 -> 97.709924 | H22: ='Compare w prev'!H22 -> 98.473282 | I22: ='Compare w prev'!I22 -> 98.473282 | J22: ='Compare w prev'!J22 -> 96.183206 | K22: ='Compare w prev'!K22 -> 98.473282 | L22: ='Compare w prev'!AP22 -> 83.969466 | M22: ='Compare w prev'!AQ22 -> 82.442748 | N22: ='Compare w prev'!AR22 -> 87.022901 | O22: ='Compare w prev'!AS22 -> 88.549618 | Q22: ='Compare w prev'!S22 -> 58.778626 | R22: ='Compare w prev'!T22 -> 63.358779 | U22: ='Compare w prev'!W22 -> 64.122137 | W22: ='Compare w prev'!Y22 -> 41.221374 | X22: ='Compare w prev'!Z22 -> 81.679389 | Z22: ='Compare w prev'!AB22 -> 61.068702 | AB22: ='Compare w prev'!AL22 -> 48.091603 | AC22: ='Compare w prev'!AM22 -> 66.412214 | AD22: ='Compare w prev'!L22 -> 41.221374 | AE22: ='Compare w prev'!M22 -> 42.748092 | AG22: ='Compare w prev'!O22 -> 54.198473 | AI22: ='Compare w prev'!Q22 -> 66.412214 | AK22: ='Compare w prev'!AD22 -> 63.358779 | AM22: ='Compare w prev'!AF22 -> 70.992366 | AN22: ='Compare w prev'!AG22 -> 54.961832 | AO22: ='Compare w prev'!AH22 -> 58.015267 | AP22: ='Compare w prev'!AI22 -> 54.198473 | AQ22: ='Compare w prev'!AJ22 -> 57.251908 | AS22: ='Compare w prev'!AO22 -> 59.541985
A23: EP | C23: ='Compare w prev'!C23 -> 96.376812 | D23: ='Compare w prev'!D23 -> 98.550725 | E23: ='Compare w prev'!E23 -> 99.275362 | F23: ='Compare w prev'!F23 -> 99.782609 | G23: ='Compare w prev'!G23 -> 100 | H23: ='Compare w prev'!H23 -> 100 | I23: ='Compare w prev'!I23 -> 100 | J23: ='Compare w prev'!J23 -> 100 | K23: ='Compare w prev'!K23 -> 100 | L23: ='Compare w prev'!AP23 -> 99.275362 | M23: ='Compare w prev'!AQ23 -> 97.826087 | N23: ='Compare w prev'!AR23 -> 97.101449 | O23: ='Compare w prev'!AS23 -> 99.275362 | Q23: ='Compare w prev'!S23 -> 78.115942 | R23: ='Compare w prev'!T23 -> 96.376812 | U23: ='Compare w prev'!W23 -> 96.376812 | V23: ='Compare w prev'!X23 -> 98.550725 | X23: ='Compare w prev'!Z23 -> 100 | Z23: ='Compare w prev'!AB23 -> 94.927536 | AB23: ='Compare w prev'!AL23 -> 85.507246 | AC23: ='Compare w prev'!AM23 -> 89.855072 | AD23: ='Compare w prev'!L23 -> 60.144928 | AE23: ='Compare w prev'!M23 -> 65.217391 | AG23: ='Compare w prev'!O23 -> 97.101449 | AI23: ='Compare w prev'!Q23 -> 66.666667 | AK23: ='Compare w prev'!AD23 -> 92.753623 | AM23: ='Compare w prev'!AF23 -> 92.753623 | AN23: ='Compare w prev'!AG23 -> 73.188406 | AO23: ='Compare w prev'!AH23 -> 95.652174 | AP23: ='Compare w prev'!AI23 -> 65.942029 | AQ23: ='Compare w prev'!AJ23 -> 98.550725 | AS23: ='Compare w prev'!AO23 -> 80.434783
A24: ER | C24: ='Compare w prev'!C24 -> 91.481481 | D24: ='Compare w prev'!D24 -> 94.074074 | E24: ='Compare w prev'!E24 -> 98.888889 | F24: ='Compare w prev'!F24 -> 98.518519 | G24: ='Compare w prev'!G24 -> 98.888889 | H24: ='Compare w prev'!H24 -> 98.518519 | I24: ='Compare w prev'!I24 -> 98.888889 | J24: ='Compare w prev'!J24 -> 98.888889 | K24: ='Compare w prev'!K24 -> 99.259259 | L24: ='Compare w prev'!AP24 -> 95.185185 | M24: ='Compare w prev'!AQ24 -> 87.777778 | N24: ='Compare w prev'!AR24 -> 91.518519 | O24: ='Compare w prev'!AS24 -> 97.037037 | Q24: ='Compare w prev'!S24 -> 94.074074 | R24: ='Compare w prev'!T24 -> 95.555556 | U24: ='Compare w prev'!W24 -> 97.407407 | W24: ='Compare w prev'!Y24 -> 91.481481 | X24: ='Compare w prev'!Z24 -> 85.925926 | Z24: ='Compare w prev'!AB24 -> 96.296296 | AB24: ='Compare w prev'!AL24 -> 95.925926 | AC24: ='Compare w prev'!AM24 -> 96.296296 | AD24: ='Compare w prev'!L24 -> 91.481481 | AE24: ='Compare w prev'!M24 -> 91.851852 | AG24: ='Compare w prev'!O24 -> 94.444444 | AI24: ='Compare w prev'!Q24 -> 77.777778 | AK24: ='Compare w prev'!AD24 -> 95.925926 | AM24: ='Compare w prev'!AF24 -> 96.296296 | AN24: ='Compare w prev'!AG24 -> 94.074074 | AO24: ='Compare w prev'!AH24 -> 97.407407 | AP24: ='Compare w prev'!AI24 -> 92.592593 | AQ24: ='Compare w prev'!AJ24 -> 96.666667 | AS24: ='Compare w prev'!AO24 -> 94.814815
A25: FM | C25: ='Compare w prev'!C25 -> 53 | D25: ='Compare w prev'!D25 -> 61 | E25: ='Compare w prev'!E25 -> 57 | F25: ='Compare w prev'!F25 -> 55.2 | G25: ='Compare w prev'!G25 -> 61 | H25: ='Compare w prev'!H25 -> 55 | I25: ='Compare w prev'!I25 -> 55 | J25: ='Compare w prev'!J25 -> 56 | K25: ='Compare w prev'!K25 -> 60 | L25: ='Compare w prev'!AP25 -> 64 | M25: ='Compare w prev'!AQ25 -> 67 | N25: ='Compare w prev'!AR25 -> 69 | O25: ='Compare w prev'!AS25 -> 66 | Q25: ='Compare w prev'!S25 -> 59.4 | R25: ='Compare w prev'!T25 -> 66 | U25: ='Compare w prev'!W25 -> 67 | V25: ='Compare w prev'!X25 -> 61 | X25: ='Compare w prev'!Z25 -> 68 | Z25: ='Compare w prev'!AB25 -> 67 | AB25: ='Compare w prev'!AL25 -> 57 | AC25: ='Compare w prev'!AM25 -> 66 | AD25: ='Compare w prev'!L25 -> 64 | AE25: ='Compare w prev'!M25 -> 62 | AG25: ='Compare w prev'!O25 -> 64 | AI25: ='Compare w prev'!Q25 -> 63 | AK25: ='Compare w prev'!AD25 -> 72 | AM25: ='Compare w prev'!AF25 -> 66 | AN25: ='Compare w prev'!AG25 -> 64 | AO25: ='Compare w prev'!AH25 -> 64 | AP25: ='Compare w prev'!AI25 -> 62 | AQ25: ='Compare w prev'!AJ25 -> 63 | AS25: ='Compare w prev'!AO25 -> 64
A26: HMD | C26: ='Compare w prev'!C26 -> 18.918919 | D26: ='Compare w prev'!D26 -> 50 | E26: ='Compare w prev'!E26 -> 51.351351 | F26: ='Compare w prev'!F26 -> 39.72973 | G26: ='Compare w prev'!G26 -> 48.648649 | H26: ='Compare w prev'!H26 -> 21.621622 | I26: ='Compare w prev'!I26 -> 51.351351 | J26: ='Compare w prev'!J26 -> 36.486486 | K26: ='Compare w prev'!K26 -> 36.486486 | L26: ='Compare w prev'!AP26 -> 48.648649 | M26: ='Compare w prev'!AQ26 -> 45.945946 | N26: ='Compare w prev'!AR26 -> 71.621622 | O26: ='Compare w prev'!AS26 -> 60.810811 | Q26: ='Compare w prev'!S26 -> 50 | R26: ='Compare w prev'!T26 -> 72.972973 | U26: ='Compare w prev'!W26 -> 66.216216 | V26: ='Compare w prev'!X26 -> 52.702703 | X26: ='Compare w prev'!Z26 -> 48.648649 | Z26: ='Compare w prev'!AB26 -> 72.972973 | AB26: ='Compare w prev'!AL26 -> 18.918919 | AC26: ='Compare w prev'!AM26 -> 70.27027 | AD26: ='Compare w prev'!L26 -> 58.108108 | AE26: ='Compare w prev'!M26 -> 66.216216 | AG26: ='Compare w prev'!O26 -> 66.216216 | AI26: ='Compare w prev'!Q26 -> 70.27027 | AK26: ='Compare w prev'!AD26 -> 71.621622 | AM26: ='Compare w prev'!AF26 -> 63.513514 | AN26: ='Compare w prev'!AG26 -> 58.108108 | AO26: ='Compare w prev'!AH26 -> 66.216216 | AP26: ='Compare w prev'!AI26 -> 58.108108 | AQ26: ='Compare w prev'!AJ26 -> 63.513514 | AS26: ='Compare w prev'!AO26 -> 58.108108
A27: IW | C27: ='Compare w prev'!C27 -> 48.692 | D27: ='Compare w prev'!D27 -> 10 | E27: ='Compare w prev'!E27 -> 38.524 | G27: ='Compare w prev'!G27 -> 66.796 | H27: ='Compare w prev'!H27 -> 67.9 | I27: ='Compare w prev'!I27 -> 67.052 | J27: ='Compare w prev'!J27 -> 66.7 | K27: ='Compare w prev'!K27 -> 65.744 | L27: ='Compare w prev'!AP27 -> 66.752 | M27: ='Compare w prev'!AQ27 -> 67.18 | N27: ='Compare w prev'!AR27 -> 14.3 | O27: ='Compare w prev'!AS27 -> 68.244 | Q27: ='Compare w prev'!S27 -> 10 | R27: ='Compare w prev'!T27 -> 64.024 | U27: ='Compare w prev'!W27 -> 75.588 | V27: ='Compare w prev'!X27 -> 10 | X27: ='Compare w prev'!Z27 -> 10.012 | Z27: ='Compare w prev'!AB27 -> 64.192 | AB27: ='Compare w prev'!AL27 -> 10 | AC27: ='Compare w prev'!AM27 -> 61.396 | AD27: ='Compare w prev'!L27 -> 10 | AE27: ='Compare w prev'!M27 -> 18.996 | AG27: ='Compare w prev'!O27 -> 71.676 | AI27: ='Compare w prev'!Q27 -> 72.424 | AK27: ='Compare w prev'!AD27 -> 65.244 | AM27: ='Compare w prev'!AF27 -> 64.868 | AN27: ='Compare w prev'!AG27 -> 10 | AO27: ='Compare w prev'!AH27 -> 73.712 | AP27: ='Compare w prev'!AI27 -> 10 | AQ27: ='Compare w prev'!AJ27 -> 60.936 | AS27: ='Compare w prev'!AO27 -> 73.436
A28: LIB | C28: ='Compare w prev'!C28 -> 87.222222 | D28: ='Compare w prev'!D28 -> 83.888889 | E28: ='Compare w prev'!E28 -> 90.555556 | F28: ='Compare w prev'!F28 -> 92.666667 | G28: ='Compare w prev'!G28 -> 94.444444 | H28: ='Compare w prev'!H28 -> 93.277778 | I28: ='Compare w prev'!I28 -> 93.333333 | J28: ='Compare w prev'!J28 -> 92.777778 | K28: ='Compare w prev'!K28 -> 93.333333 | L28: ='Compare w prev'!AP28 -> 97.222222 | M28: ='Compare w prev'!AQ28 -> 97.222222 | N28: ='Compare w prev'!AR28 -> 90 | O28: ='Compare w prev'!AS28 -> 91.666667 | Q28: ='Compare w prev'!S28 -> 77.833333 | R28: ='Compare w prev'!T28 -> 88.333333 | U28: ='Compare w prev'!W28 -> 90 | V28: ='Compare w prev'!X28 -> 92.777778 | X28: ='Compare w prev'!Z28 -> 95.555556 | Z28: ='Compare w prev'!AB28 -> 88.333333 | AB28: ='Compare w prev'!AL28 -> 79.444444 | AC28: ='Compare w prev'!AM28 -> 87.777778 | AD28: ='Compare w prev'!L28 -> 73.333333 | AE28: ='Compare w prev'!M28 -> 70.555556 | AG28: ='Compare w prev'!O28 -> 89.444444 | AI28: ='Compare w prev'!Q28 -> 34.444444 | AK28: ='Compare w prev'!AD28 -> 93.333333 | AM28: ='Compare w prev'!AF28 -> 90 | AN28: ='Compare w prev'!AG28 -> 76.111111 | AO28: ='Compare w prev'!AH28 -> 90.555556 | AP28: ='Compare w prev'!AI28 -> 81.111111 | AQ28: ='Compare w prev'!AJ28 -> 81.666667 | AS28: ='Compare w prev'!AO28 -> 91.666667
A29: LSST | C29: ='Compare w prev'!C29 -> 55.109489 | D29: ='Compare w prev'!D29 -> 54.099757 | E29: ='Compare w prev'!E29 -> 64.030819 | F29: ='Compare w prev'!F29 -> 63.694242 | G29: ='Compare w prev'!G29 -> 66.382806 | H29: ='Compare w prev'!H29 -> 60.701541 | I29: ='Compare w prev'!I29 -> 66.504461 | J29: ='Compare w prev'!J29 -> 63.600973 | K29: ='Compare w prev'!K29 -> 64.274128 | L29: ='Compare w prev'!AP29 -> 60.665045 | M29: ='Compare w prev'!AQ29 -> 59.570154 | N29: ='Compare w prev'!AR29 -> 60.300081 | O29: ='Compare w prev'!AS29 -> 60.056772 | Q29: ='Compare w prev'!S29 -> 59.209246 | R29: ='Compare w prev'!T29 -> 44.120032 | U29: ='Compare w prev'!W29 -> 43.592863 | V29: ='Compare w prev'!X29 -> 66.3382 | X29: ='Compare w prev'!Z29 -> 51.013788 | Z29: ='Compare w prev'!AB29 -> 44.444444 | AB29: ='Compare w prev'!AL29 -> 46.390916 | AC29: ='Compare w prev'!AM29 -> 38.077859 | AD29: ='Compare w prev'!L29 -> 35.770479 | AE29: ='Compare w prev'!M29 -> 34.022709 | AG29: ='Compare w prev'!O29 -> 41.524736 | AI29: ='Compare w prev'!Q29 -> 34.184915 | AK29: ='Compare w prev'!AD29 -> 40.997567 | AM29: ='Compare w prev'!AF29 -> 41.240876 | AN29: ='Compare w prev'!AG29 -> 42.818329 | AO29: ='Compare w prev'!AH29 -> 41.768045 | AP29: ='Compare w prev'!AI29 -> 67.798054 | AQ29: ='Compare w prev'!AJ29 -> 56.731549 | AS29: ='Compare w prev'!AO29 -> 40.673155
A30: MI | C30: ='Compare w prev'!C30 -> 50 | D30: ='Compare w prev'!D30 -> 53 | E30: ='Compare w prev'!E30 -> 54 | F30: ='Compare w prev'!F30 -> 53.2 | G30: ='Compare w prev'!G30 -> 50 | H30: ='Compare w prev'!H30 -> 50 | I30: ='Compare w prev'!I30 -> 54 | J30: ='Compare w prev'!J30 -> 48 | K30: ='Compare w prev'!K30 -> 51 | L30: ='Compare w prev'!AP30 -> 64 | M30: ='Compare w prev'!AQ30 -> 67 | N30: ='Compare w prev'!AR30 -> 62 | O30: ='Compare w prev'!AS30 -> 67 | Q30: ='Compare w prev'!S30 -> 51 | R30: ='Compare w prev'!T30 -> 68 | U30: ='Compare w prev'!W30 -> 67 | V30: ='Compare w prev'!X30 -> 62 | X30: ='Compare w prev'!Z30 -> 71 | Z30: ='Compare w prev'!AB30 -> 67 | AB30: ='Compare w prev'!AL30 -> 50 | AC30: ='Compare w prev'!AM30 -> 67 | AD30: ='Compare w prev'!L30 -> 61 | AE30: ='Compare w prev'!M30 -> 64 | AG30: ='Compare w prev'!O30 -> 68 | AI30: ='Compare w prev'!Q30 -> 66 | AK30: ='Compare w prev'!AD30 -> 65 | AM30: ='Compare w prev'!AF30 -> 67 | AN30: ='Compare w prev'!AG30 -> 61 | AO30: ='Compare w prev'!AH30 -> 68 | AP30: ='Compare w prev'!AI30 -> 61 | AQ30: ='Compare w prev'!AJ30 -> 69 | AS30: ='Compare w prev'!AO30 -> 67
A31: NATO | C31: ='Compare w prev'!C31 -> 88.333333 | D31: ='Compare w prev'!D31 -> 83.333333 | E31: ='Compare w prev'!E31 -> 89.444444 | F31: ='Compare w prev'!F31 -> 89.222222 | G31: ='Compare w prev'!G31 -> 91.111111 | H31: ='Compare w prev'!H31 -> 87.222222 | I31: ='Compare w prev'!I31 -> 90 | J31: ='Compare w prev'!J31 -> 91.722222 | K31: ='Compare w prev'!K31 -> 93.333333 | L31: ='Compare w prev'!AP31 -> 98.888889 | M31: ='Compare w prev'!AQ31 -> 98.888889 | N31: ='Compare w prev'!AR31 -> 94.444444 | O31: ='Compare w prev'!AS31 -> 92.222222 | Q31: ='Compare w prev'!S31 -> 81.833333 | R31: ='Compare w prev'!T31 -> 98.333333 | U31: ='Compare w prev'!W31 -> 95.555556 | V31: ='Compare w prev'!X31 -> 95.555556 | X31: ='Compare w prev'!Z31 -> 99.444444 | Z31: ='Compare w prev'!AB31 -> 96.111111 | AB31: ='Compare w prev'!AL31 -> 91.666667 | AC31: ='Compare w prev'!AM31 -> 96.111111 | AD31: ='Compare w prev'!L31 -> 93.888889 | AE31: ='Compare w prev'!M31 -> 96.111111 | AG31: ='Compare w prev'!O31 -> 97.222222 | AI31: ='Compare w prev'!Q31 -> 95 | AK31: ='Compare w prev'!AD31 -> 96.111111 | AM31: ='Compare w prev'!AF31 -> 93.333333 | AN31: ='Compare w prev'!AG31 -> 88.333333 | AO31: ='Compare w prev'!AH31 -> 93.888889 | AP31: ='Compare w prev'!AI31 -> 96.666667 | AQ31: ='Compare w prev'!AJ31 -> 80.555556 | AS31: ='Compare w prev'!AO31 -> 88.888889
A32: PD | C32: ='Compare w prev'!C32 -> 97.712979 | D32: ='Compare w prev'!D32 -> 97.341338 | E32: ='Compare w prev'!E32 -> 98.227559 | F32: ='Compare w prev'!F32 -> 99.55689 | G32: ='Compare w prev'!G32 -> 97.655803 | H32: ='Compare w prev'!H32 -> 96.801029 | I32: ='Compare w prev'!I32 -> 97.855918 | J32: ='Compare w prev'!J32 -> 96.801029 | K32: ='Compare w prev'!K32 -> 97.284162 | L32: ='Compare w prev'!AP32 -> 99.142367 | M32: ='Compare w prev'!AQ32 -> 99.342481 | N32: ='Compare w prev'!AR32 -> 98.542024 | O32: ='Compare w prev'!AS32 -> 98.513436 | Q32: ='Compare w prev'!S32 -> 98.190395 | R32: ='Compare w prev'!T32 -> 98.913665 | U32: ='Compare w prev'!W32 -> 98.513436 | V32: ='Compare w prev'!X32 -> 98.939394 | X32: ='Compare w prev'!Z32 -> 99.028016 | Z32: ='Compare w prev'!AB32 -> 98.5992 | AB32: ='Compare w prev'!AL32 -> 97.741567 | AC32: ='Compare w prev'!AM32 -> 98.513436 | AD32: ='Compare w prev'!L32 -> 92.938822 | AE32: ='Compare w prev'!M32 -> 92.481418 | AG32: ='Compare w prev'!O32 -> 96.998285 | AI32: ='Compare w prev'!Q32 -> 46.941109 | AK32: ='Compare w prev'!AD32 -> 98.5992 | AM32: ='Compare w prev'!AF32 -> 98.542024 | AN32: ='Compare w prev'!AG32 -> 93.650658 | AO32: ='Compare w prev'!AH32 -> 98.513436 | AP32: ='Compare w prev'!AI32 -> 99.230989 | AQ32: ='Compare w prev'!AJ32 -> 98.484848 | AS32: ='Compare w prev'!AO32 -> 98.427673
A33: PS | C33: ='Compare w prev'!C33 -> 15.120787 | D33: ='Compare w prev'!D33 -> 17.599165 | E33: ='Compare w prev'!E33 -> 27.825828 | F33: ='Compare w prev'!F33 -> 29.427378 | G33: ='Compare w prev'!G33 -> 33.01521 | H33: ='Compare w prev'!H33 -> 32.400835 | I33: ='Compare w prev'!I33 -> 33.16433 | J33: ='Compare w prev'!J33 -> 35.401133 | K33: ='Compare w prev'!K33 -> 33.641515 | L33: ='Compare w prev'!AP33 -> 32.180137 | M33: ='Compare w prev'!AQ33 -> 33.074858 | N33: ='Compare w prev'!AR33 -> 24.658515 | O33: ='Compare w prev'!AS33 -> 23.799582 | Q33: ='Compare w prev'!S33 -> 18.240382 | R33: ='Compare w prev'!T33 -> 14.524307 | U33: ='Compare w prev'!W33 -> 13.748882 | V33: ='Compare w prev'!X33 -> 17.751268 | X33: ='Compare w prev'!Z33 -> 4.9209663 | Z33: ='Compare w prev'!AB33 -> 15.5085 | AB33: ='Compare w prev'!AL33 -> 3.0122279 | AC33: ='Compare w prev'!AM33 -> 13.122577 | AD33: ='Compare w prev'!L33 -> 7.1011035 | AE33: ='Compare w prev'!M33 -> 6.6507605 | AG33: ='Compare w prev'!O33 -> 16.224277 | AI33: ='Compare w prev'!Q33 -> 5.4279749 | AK33: ='Compare w prev'!AD33 -> 11.691023 | AM33: ='Compare w prev'!AF33 -> 14.315538 | AN33: ='Compare w prev'!AG33 -> 7.5514465 | AO33: ='Compare w prev'!AH33 -> 14.25589 | AP33: ='Compare w prev'!AI33 -> 11.691023 | AQ33: ='Compare w prev'!AJ33 -> 15.090963 | AS33: ='Compare w prev'!AO33 -> 11.541903
A34: RS | C34: ='Compare w prev'!C34 -> 80.263158 | D34: ='Compare w prev'!D34 -> 86.184211 | E34: ='Compare w prev'!E34 -> 90.789474 | F34: ='Compare w prev'!F34 -> 93.026316 | G34: ='Compare w prev'!G34 -> 90.131579 | H34: ='Compare w prev'!H34 -> 91.381579 | I34: ='Compare w prev'!I34 -> 91.447368 | J34: ='Compare w prev'!J34 -> 90.789474 | K34: ='Compare w prev'!K34 -> 90.131579 | L34: ='Compare w prev'!AP34 -> 90.789474 | M34: ='Compare w prev'!AQ34 -> 91.447368 | N34: ='Compare w prev'!AR34 -> 91.447368 | O34: ='Compare w prev'!AS34 -> 90.789474 | Q34: ='Compare w prev'!S34 -> 82.631579 | R34: ='Compare w prev'!T34 -> 89.473684 | U34: ='Compare w prev'!W34 -> 84.210526 | V34: ='Compare w prev'!X34 -> 90.789474 | X34: ='Compare w prev'!Z34 -> 94.078947 | Z34: ='Compare w prev'!AB34 -> 91.447368 | AB34: ='Compare w prev'!AL34 -> 76.973684 | AC34: ='Compare w prev'!AM34 -> 86.842105 | AD34: ='Compare w prev'!L34 -> 78.947368 | AE34: ='Compare w prev'!M34 -> 78.947368 | AG34: ='Compare w prev'!O34 -> 81.578947 | AI34: ='Compare w prev'!Q34 -> 86.842105 | AK34: ='Compare w prev'!AD34 -> 84.868421 | AM34: ='Compare w prev'!AF34 -> 85.526316 | AN34: ='Compare w prev'!AG34 -> 81.578947 | AO34: ='Compare w prev'!AH34 -> 87.5 | AP34: ='Compare w prev'!AI34 -> 84.210526 | AQ34: ='Compare w prev'!AJ34 -> 85.526316 | AS34: ='Compare w prev'!AO34 -> 81.578947
A35: SWJ | C35: ='Compare w prev'!C35 -> 20 | D35: ='Compare w prev'!D35 -> 46.666667 | E35: ='Compare w prev'!E35 -> 46.666667 | F35: ='Compare w prev'!F35 -> 44 | G35: ='Compare w prev'!G35 -> 40 | H35: ='Compare w prev'!H35 -> 40 | I35: ='Compare w prev'!I35 -> 40 | J35: ='Compare w prev'!J35 -> 60 | K35: ='Compare w prev'!K35 -> 66.666667 | L35: ='Compare w prev'!AP35 -> 53.333333 | M35: ='Compare w prev'!AQ35 -> 60 | N35: ='Compare w prev'!AR35 -> 73.333333 | O35: ='Compare w prev'!AS35 -> 73.333333 | Q35: ='Compare w prev'!S35 -> 53.333333 | R35: ='Compare w prev'!T35 -> 66.666667 | U35: ='Compare w prev'!W35 -> 80 | V35: ='Compare w prev'!X35 -> 46.666667 | X35: ='Compare w prev'!Z35 -> 73.333333 | Z35: ='Compare w prev'!AB35 -> 73.333333 | AB35: ='Compare w prev'!AL35 -> 33.333333 | AC35: ='Compare w prev'!AM35 -> 73.333333 | AD35: ='Compare w prev'!L35 -> 60 | AE35: ='Compare w prev'!M35 -> 53.333333 | AG35: ='Compare w prev'!O35 -> 73.333333 | AI35: ='Compare w prev'!Q35 -> 66.666667 | AK35: ='Compare w prev'!AD35 -> 66.666667 | AM35: ='Compare w prev'!AF35 -> 66.666667 | AN35: ='Compare w prev'!AG35 -> 53.333333 | AO35: ='Compare w prev'!AH35 -> 80 | AP35: ='Compare w prev'!AI35 -> 60 | AQ35: ='Compare w prev'!AJ35 -> 86.666667 | AS35: ='Compare w prev'!AO35 -> 73.333333
A36: report $\leq$ ours | B36: ='Compare w prev'!B36 -> 8 | D36: ='Compare w prev'!D36 -> 23 | F36: ='Compare w prev'!F36 -> 15 | H36: ='Compare w prev'!H36 -> 28 | J36: ='Compare w prev'!J36 -> 21 | K36: ='Compare w prev'!K36 -> 0 | L36: ='Compare w prev'!AP36 -> 18 | N36: ='Compare w prev'!AR36 -> 17 | P36: ='Compare w prev'!R36 -> 8 | Q36: ='Compare w prev'!S36 -> 27 | S36: ='Compare w prev'!U36 -> 4 | T36: ='Compare w prev'!V36 -> 8 | V36: ='Compare w prev'!X36 -> 19 | W36: ='Compare w prev'!Y36 -> 3 | Y36: ='Compare w prev'!AA36 -> 4 | AA36: ='Compare w prev'!AK36 -> 6 | AB36: ='Compare w prev'!AL36 -> 29 | AD36: ='Compare w prev'!L36 -> 21 | AF36: ='Compare w prev'!N36 -> 7 | AH36: ='Compare w prev'!P36 -> 6 | AJ36: ='Compare w prev'!AC36 -> 6 | AL36: ='Compare w prev'!AE36 -> 9 | AN36: ='Compare w prev'!AG36 -> 28 | AP36: ='Compare w prev'!AI36 -> 18 | AR36: ='Compare w prev'!AN36 -> 10
A37: report $\geq$ ours | B37: ='Compare w prev'!B37 -> 6 | D37: ='Compare w prev'!D37 -> 12 | F37: ='Compare w prev'!F37 -> 12 | H37: ='Compare w prev'!H37 -> 10 | J37: ='Compare w prev'!J37 -> 15 | K37: ='Compare w prev'!K37 -> 0 | L37: ='Compare w prev'!AP37 -> 17 | N37: ='Compare w prev'!AR37 -> 16 | P37: ='Compare w prev'!R37 -> 2 | Q37: ='Compare w prev'!S37 -> 4 | S37: ='Compare w prev'!U37 -> 6 | T37: ='Compare w prev'!V37 -> 2 | V37: ='Compare w prev'!X37 -> 8 | W37: ='Compare w prev'!Y37 -> 1 | Y37: ='Compare w prev'!AA37 -> 6 | AA37: ='Compare w prev'!AK37 -> 4 | AB37: ='Compare w prev'!AL37 -> 2 | AD37: ='Compare w prev'!L37 -> 11 | AF37: ='Compare w prev'!N37 -> 3 | AH37: ='Compare w prev'!P37 -> 4 | AJ37: ='Compare w prev'!AC37 -> 4 | AL37: ='Compare w prev'!AE37 -> 1 | AN37: ='Compare w prev'!AG37 -> 3 | AP37: ='Compare w prev'!AI37 -> 12 | AR37: ='Compare w prev'!AN37 -> 0
A38: acc. difference | B38: ='Compare w prev'!B38 -> 3.3852694 | D38: ='Compare w prev'!D38 -> 2.0559779 | F38: ='Compare w prev'!F38 -> 0.22388484 | H38: ='Compare w prev'!H38 -> 3.3201416 | J38: ='Compare w prev'!J38 -> 0.74673128 | K38: ='Compare w prev'!K38 -> 0 | L38: ='Compare w prev'!AP38 -> 0.27815927 | N38: ='Compare w prev'!AR38 -> 0.080194679 | P38: ='Compare w prev'!R38 -> 1.5928077 | Q38: ='Compare w prev'!S38 -> 9.0140008 | S38: ='Compare w prev'!U38 -> -0.76051065 | T38: ='Compare w prev'!V38 -> 0.83530567 | V38: ='Compare w prev'!X38 -> 2.1605734 | W38: ='Compare w prev'!Y38 -> 21.330072 | Y38: ='Compare w prev'!AA38 -> -0.34084485 | AA38: ='Compare w prev'!AK38 -> 0.32950804 | AB38: ='Compare w prev'!AL38 -> 15.617 | AD38: ='Compare w prev'!L38 -> 1.2373938 | AF38: ='Compare w prev'!N38 -> 2.3383544 | AH38: ='Compare w prev'!P38 -> -1.2983726 | AJ38: ='Compare w prev'!AC38 -> 0.87918586 | AL38: ='Compare w prev'!AE38 -> 3.305399 | AN38: ='Compare w prev'!AG38 -> 9.0104483 | AP38: ='Compare w prev'!AI38 -> 5.2617219 | AR38: ='Compare w prev'!AN38 -> 3.5979595
